{"type":"FeatureCollection","features":[{"type":"Feature","properties":{"fips":"04015"},"geometry":{"type":"Polygon","coordinates":[[[-114.05,36.84],[-114.05,37],[-113.33,37],[-112.9,37],[-112.54,37],[-112.53,36.95],[-112.57,36.89],[-112.61,36.8],[-112.61,36.8],[-112.62,36.73],[-112.62,36.73],[-112.64,36.67],[-112.62,36.6],[-112.66,36.56],[-112.66,36.51],[-112.62,36.48],[-112.64,36.46],[-112.62,36.41],[-112.66,36.35],[-112.72,36.35],[-112.8,36.28],[-112.87,36.28],[-112.9,36.25],[-112.98,36.23],[-113.03,36.23],[-113.14,36.17],[-113.16,36.17],[-113.2,36.15],[-113.2,36.12],[-113.23,36.09],[-113.31,36.1],[-113.35,36.05],[-113.34,35.99],[-113.32,35.96],[-113.33,35.91],[-113.31,35.88],[-113.33,35.82],[-113.33,35.53],[-113.33,34.32],[-113.36,34.29],[-113.54,34.31],[-113.59,34.24],[-113.68,34.21],[-113.74,34.24],[-113.84,34.22],[-113.85,34.25],[-113.93,34.25],[-114.03,34.26],[-114.09,34.3],[-114.14,34.3],[-114.18,34.35],[-114.23,34.37],[-114.34,34.45],[-114.39,34.46],[-114.38,34.51],[-114.47,34.71],[-114.55,34.77],[-114.58,34.83],[-114.64,34.88],[-114.63,35],[-114.61,35.08],[-114.65,35.1],[-114.57,35.14],[-114.57,35.2],[-114.6,35.35],[-114.63,35.41],[-114.67,35.45],[-114.68,35.5],[-114.66,35.53],[-114.66,35.62],[-114.69,35.65],[-114.68,35.69],[-114.71,35.71],[-114.69,35.76],[-114.71,35.81],[-114.7,35.85],[-114.67,35.88],[-114.7,35.9],[-114.74,35.99],[-114.73,36.02],[-114.76,36.09],[-114.67,36.12],[-114.63,36.14],[-114.62,36.13],[-114.57,36.15],[-114.51,36.15],[-114.5,36.13],[-114.42,36.15],[-114.37,36.14],[-114.31,36.08],[-114.31,36.06],[-114.24,36.01],[-114.15,36.02],[-114.07,36.18],[-114.05,36.19],[-114.04,36.39],[-114.05,36.63],[-114.05,36.84]]]}},{"type":"Feature","properties":{"fips":"08021"},"geometry":{"type":"Polygon","coordinates":[[[-106.68,37.4],[-106.49,37.4],[-106.04,37.4],[-106.04,37.36],[-105.74,37.36],[-105.75,37.34],[-105.72,37.29],[-105.75,37.25],[-105.73,37.18],[-105.75,37.14],[-105.74,37.1],[-105.77,37.04],[-105.72,37],[-106,37],[-106.47,36.99],[-106.59,37.14],[-106.6,37.19],[-106.68,37.23],[-106.68,37.4]]]}},{"type":"Feature","properties":{"fips":"06069"},"geometry":{"type":"Polygon","coordinates":[[[-121.64,36.89],[-121.63,36.91],[-121.58,36.9],[-121.56,36.9],[-121.49,36.98],[-121.45,36.99],[-121.42,36.96],[-121.22,36.96],[-121.23,36.93],[-121.2,36.91],[-121.15,36.87],[-121.14,36.84],[-120.93,36.75],[-120.92,36.74],[-120.6,36.49],[-120.6,36.33],[-120.66,36.32],[-120.68,36.27],[-120.75,36.31],[-120.72,36.26],[-120.71,36.2],[-120.76,36.2],[-120.86,36.29],[-120.93,36.31],[-120.95,36.28],[-120.99,36.29],[-121.01,36.27],[-121.01,36.27],[-121.04,36.27],[-121.04,36.31],[-121.08,36.35],[-121.23,36.48],[-121.24,36.51],[-121.31,36.5],[-121.3,36.53],[-121.33,36.55],[-121.32,36.61],[-121.36,36.66],[-121.47,36.69],[-121.49,36.71],[-121.45,36.72],[-121.48,36.76],[-121.52,36.77],[-121.6,36.84],[-121.62,36.85],[-121.64,36.89]]]}},{"type":"Feature","properties":{"fips":"04023"},"geometry":{"type":"Polygon","coordinates":[[[-110.45,31.73],[-110.45,31.61],[-110.46,31.61],[-110.46,31.47],[-110.46,31.33],[-111.08,31.33],[-111.37,31.43],[-111.37,31.52],[-111.16,31.52],[-111.16,31.73],[-110.85,31.73],[-110.85,31.73],[-110.45,31.73]]]}},{"type":"Feature","properties":{"fips":"49043"},"geometry":{"type":"Polygon","coordinates":[[[-111.64,40.8],[-111.61,40.81],[-111.55,40.78],[-111.52,40.79],[-111.52,40.82],[-111.48,40.86],[-111.53,40.92],[-111.53,40.95],[-111.58,40.96],[-111.59,40.99],[-111.51,41.06],[-111.45,41.08],[-111.38,41.09],[-111.37,41.13],[-111.27,41.14],[-111.23,41.14],[-111.1,41.21],[-111.05,41.25],[-111.05,41],[-110.71,41],[-110.24,41],[-110.05,41],[-110,41],[-110,40.81],[-110.1,40.81],[-110.16,40.82],[-110.29,40.83],[-110.34,40.82],[-110.37,40.79],[-110.48,40.78],[-110.52,40.76],[-110.61,40.76],[-110.62,40.77],[-110.66,40.74],[-110.75,40.75],[-110.8,40.71],[-110.89,40.73],[-110.9,40.68],[-110.93,40.68],[-110.98,40.59],[-111.03,40.58],[-111.08,40.59],[-111.12,40.59],[-111.15,40.55],[-111.27,40.59],[-111.33,40.62],[-111.37,40.63],[-111.4,40.69],[-111.47,40.64],[-111.49,40.6],[-111.55,40.61],[-111.6,40.67],[-111.59,40.7],[-111.65,40.77],[-111.64,40.8]]]}},{"type":"Feature","properties":{"fips":"08057"},"geometry":{"type":"Polygon","coordinates":[[[-106.86,41],[-106.32,41],[-106.19,41],[-106.19,40.94],[-106.14,40.9],[-106.13,40.87],[-106.05,40.8],[-105.95,40.64],[-105.91,40.57],[-105.91,40.52],[-105.87,40.52],[-105.85,40.49],[-105.9,40.47],[-105.9,40.41],[-105.94,40.39],[-105.96,40.35],[-106.03,40.37],[-106.14,40.33],[-106.17,40.34],[-106.23,40.33],[-106.26,40.36],[-106.3,40.36],[-106.3,40.33],[-106.36,40.36],[-106.39,40.35],[-106.46,40.36],[-106.49,40.41],[-106.53,40.37],[-106.61,40.38],[-106.63,40.43],[-106.65,40.45],[-106.65,40.51],[-106.7,40.58],[-106.7,40.62],[-106.67,40.7],[-106.67,40.74],[-106.64,40.81],[-106.69,40.89],[-106.73,40.87],[-106.78,40.91],[-106.8,40.9],[-106.85,40.92],[-106.87,40.97],[-106.86,41]]]}},{"type":"Feature","properties":{"fips":"06089"},"geometry":{"type":"Polygon","coordinates":[[[-122.5,41.18],[-121.45,41.18],[-121.33,41.18],[-121.33,40.91],[-121.32,40.91],[-121.33,40.45],[-121.5,40.45],[-121.65,40.44],[-121.69,40.45],[-121.73,40.44],[-121.85,40.44],[-121.94,40.42],[-122.01,40.43],[-122.09,40.41],[-122.09,40.41],[-122.13,40.4],[-122.35,40.37],[-122.46,40.38],[-122.52,40.39],[-122.66,40.33],[-122.75,40.36],[-122.86,40.34],[-122.87,40.35],[-122.92,40.31],[-122.94,40.31],[-122.94,40.31],[-122.99,40.31],[-122.99,40.31],[-123.06,40.29],[-123.07,40.34],[-123.02,40.37],[-122.99,40.42],[-122.9,40.45],[-122.84,40.51],[-122.8,40.51],[-122.77,40.56],[-122.7,40.57],[-122.71,40.63],[-122.75,40.69],[-122.71,40.72],[-122.72,40.74],[-122.66,40.79],[-122.67,40.83],[-122.61,40.89],[-122.6,40.97],[-122.53,41.02],[-122.51,41.09],[-122.46,41.1],[-122.45,41.16],[-122.5,41.18]]]}},{"type":"Feature","properties":{"fips":"08007"},"geometry":{"type":"Polygon","coordinates":[[[-107.48,37.42],[-107.13,37.42],[-107.13,37.39],[-106.71,37.4],[-106.71,37.4],[-106.68,37.4],[-106.68,37.23],[-106.6,37.19],[-106.59,37.14],[-106.47,36.99],[-106.87,36.99],[-106.88,37],[-107.42,37],[-107.48,37],[-107.48,37.42]]]}},{"type":"Feature","properties":{"fips":"04005"},"geometry":{"type":"Polygon","coordinates":[[[-112.62,36.73],[-112.62,36.73],[-112.61,36.8],[-112.61,36.8],[-112.57,36.89],[-112.53,36.95],[-112.54,37],[-111.35,37],[-110.75,37],[-110.75,34.26],[-110.79,34.31],[-110.85,34.27],[-110.9,34.3],[-110.95,34.32],[-111.02,34.36],[-111.1,34.4],[-111.15,34.38],[-111.15,34.39],[-111.21,34.41],[-111.25,34.45],[-111.31,34.43],[-111.35,34.44],[-111.4,34.43],[-111.42,34.38],[-111.44,34.45],[-111.46,34.41],[-111.55,34.42],[-111.47,34.46],[-111.55,34.47],[-111.55,34.8],[-111.78,34.8],[-111.78,34.98],[-111.81,34.98],[-112.34,34.97],[-112.34,35.15],[-112.44,35.15],[-112.44,35.26],[-112.47,35.24],[-112.58,35.24],[-112.7,35.31],[-112.76,35.31],[-112.8,35.32],[-112.95,35.35],[-112.98,35.39],[-113.09,35.45],[-113.15,35.48],[-113.18,35.51],[-113.26,35.53],[-113.33,35.53],[-113.33,35.82],[-113.31,35.88],[-113.33,35.91],[-113.32,35.96],[-113.34,35.99],[-113.35,36.05],[-113.31,36.1],[-113.23,36.09],[-113.2,36.12],[-113.2,36.15],[-113.16,36.17],[-113.14,36.17],[-113.03,36.23],[-112.98,36.23],[-112.9,36.25],[-112.87,36.28],[-112.8,36.28],[-112.72,36.35],[-112.66,36.35],[-112.62,36.41],[-112.64,36.46],[-112.62,36.48],[-112.66,36.51],[-112.66,36.56],[-112.62,36.6],[-112.64,36.67],[-112.62,36.73]]]}},{"type":"Feature","properties":{"fips":"56025"},"geometry":{"type":"Polygon","coordinates":[[[-107.53,43.5],[-107.11,43.5],[-107.11,43.49],[-106.45,43.49],[-106.08,43.49],[-106.07,43.47],[-106.07,42.78],[-106.08,42.78],[-106.08,42.43],[-106.63,42.43],[-107.52,42.43],[-107.54,42.43],[-107.54,42.78],[-107.5,42.78],[-107.5,43.13],[-107.52,43.13],[-107.52,43.47],[-107.53,43.5]]]}},{"type":"Feature","properties":{"fips":"06091"},"geometry":{"type":"Polygon","coordinates":[[[-121.01,39.64],[-120.95,39.67],[-120.93,39.74],[-120.87,39.78],[-120.81,39.74],[-120.79,39.71],[-120.75,39.72],[-120.68,39.68],[-120.64,39.71],[-120.15,39.71],[-120.02,39.71],[-120,39.72],[-120,39.45],[-120.5,39.45],[-120.53,39.46],[-120.56,39.51],[-120.59,39.52],[-120.68,39.52],[-120.74,39.46],[-120.8,39.44],[-120.86,39.43],[-120.86,39.43],[-120.88,39.43],[-120.88,39.43],[-121,39.41],[-121.02,39.39],[-121.03,39.51],[-121.06,39.54],[-121.03,39.56],[-121.01,39.64]]]}},{"type":"Feature","properties":{"fips":"08121"},"geometry":{"type":"Polygon","coordinates":[[[-103.71,39.74],[-103.7,40],[-103.47,40],[-103.47,40.35],[-103.47,40.44],[-103.39,40.44],[-102.78,40.44],[-102.78,40.35],[-102.79,40.35],[-102.79,40],[-102.8,40],[-102.8,39.57],[-103.15,39.57],[-103.71,39.57],[-103.71,39.74]]]}},{"type":"Feature","properties":{"fips":"06019"},"geometry":{"type":"Polygon","coordinates":[[[-120.54,37.04],[-120.51,37.01],[-120.45,36.91],[-120.46,36.86],[-120.37,36.81],[-120.37,36.78],[-120.23,36.77],[-120.08,36.83],[-120.03,36.81],[-119.99,36.84],[-119.94,36.83],[-119.88,36.86],[-119.81,36.85],[-119.79,36.9],[-119.73,36.95],[-119.74,36.97],[-119.7,37],[-119.67,37.01],[-119.65,37.04],[-119.62,37.03],[-119.6,37.07],[-119.56,37.07],[-119.54,37.11],[-119.57,37.12],[-119.55,37.14],[-119.53,37.13],[-119.49,37.14],[-119.48,37.11],[-119.43,37.16],[-119.39,37.15],[-119.33,37.21],[-119.34,37.31],[-119.31,37.35],[-119.02,37.59],[-118.98,37.56],[-118.92,37.55],[-118.85,37.48],[-118.8,37.49],[-118.78,37.46],[-118.76,37.44],[-118.79,37.39],[-118.78,37.34],[-118.69,37.3],[-118.67,37.26],[-118.69,37.23],[-118.65,37.14],[-118.6,37.14],[-118.53,37.11],[-118.44,37.05],[-118.42,36.99],[-118.37,36.89],[-118.37,36.84],[-118.39,36.83],[-118.36,36.74],[-118.98,36.74],[-118.98,36.66],[-119.3,36.66],[-119.31,36.57],[-119.46,36.58],[-119.57,36.49],[-119.67,36.42],[-119.67,36.43],[-119.75,36.42],[-119.76,36.4],[-119.96,36.4],[-119.96,36.18],[-120.32,35.91],[-120.36,35.96],[-120.43,35.97],[-120.48,36.01],[-120.54,36.04],[-120.59,36.07],[-120.6,36.1],[-120.65,36.11],[-120.67,36.16],[-120.63,36.2],[-120.68,36.25],[-120.68,36.27],[-120.66,36.32],[-120.6,36.33],[-120.6,36.49],[-120.92,36.74],[-120.66,36.95],[-120.59,36.95],[-120.6,37],[-120.54,37.04]]]}},{"type":"Feature","properties":{"fips":"49037"},"geometry":{"type":"Polygon","coordinates":[[[-110.65,37.54],[-110.61,37.56],[-110.6,37.6],[-110.56,37.63],[-110.5,37.66],[-110.48,37.7],[-110.43,37.77],[-110.46,37.77],[-110.48,37.8],[-110.43,37.81],[-110.4,37.88],[-110.3,37.89],[-110.28,37.87],[-110.27,37.9],[-110.22,37.89],[-110.2,37.94],[-110.13,38.01],[-110.07,38],[-110.06,38.04],[-110.02,38.11],[-109.99,38.1],[-109.93,38.15],[-109.88,38.19],[-109.92,38.22],[-109.89,38.23],[-109.93,38.26],[-109.93,38.28],[-109.99,38.36],[-109.98,38.39],[-110.01,38.36],[-110.03,38.39],[-110,38.42],[-110,38.48],[-110.02,38.5],[-109.48,38.5],[-109.06,38.5],[-109.06,38.28],[-109.04,38.15],[-109.04,37.88],[-109.04,37.53],[-109.04,37.48],[-109.04,37],[-109.63,37],[-110,37],[-110.47,37],[-110.49,37],[-110.75,37],[-111.35,37],[-111.28,37.04],[-111.3,37.07],[-111.24,37.02],[-111.24,37.06],[-111.22,37.06],[-111.18,37.1],[-111.14,37.09],[-110.98,37.11],[-110.95,37.15],[-110.9,37.17],[-110.89,37.25],[-110.86,37.26],[-110.86,37.29],[-110.84,37.32],[-110.87,37.35],[-110.81,37.32],[-110.76,37.33],[-110.72,37.37],[-110.75,37.4],[-110.7,37.43],[-110.74,37.45],[-110.72,37.48],[-110.66,37.48],[-110.65,37.54]]]}},{"type":"Feature","properties":{"fips":"06005"},"geometry":{"type":"Polygon","coordinates":[[[-121.03,38.51],[-120.94,38.53],[-120.93,38.52],[-120.84,38.56],[-120.76,38.55],[-120.63,38.5],[-120.53,38.51],[-120.38,38.55],[-120.31,38.55],[-120.23,38.6],[-120.21,38.63],[-120.14,38.64],[-120.12,38.7],[-120.07,38.7],[-120.07,38.51],[-120.15,38.49],[-120.2,38.5],[-120.28,38.48],[-120.38,38.46],[-120.42,38.47],[-120.46,38.45],[-120.5,38.45],[-120.53,38.42],[-120.61,38.39],[-120.63,38.35],[-120.81,38.29],[-120.9,38.22],[-121,38.23],[-121.03,38.3],[-121.03,38.51]]]}},{"type":"Feature","properties":{"fips":"06017"},"geometry":{"type":"Polygon","coordinates":[[[-120,39.07],[-120,39],[-119.91,38.93],[-119.88,38.87],[-119.96,38.78],[-120.07,38.7],[-120.12,38.7],[-120.14,38.64],[-120.21,38.63],[-120.23,38.6],[-120.31,38.55],[-120.38,38.55],[-120.53,38.51],[-120.63,38.5],[-120.76,38.55],[-120.84,38.56],[-120.93,38.52],[-120.94,38.53],[-121.03,38.51],[-121.12,38.72],[-121.14,38.71],[-121.1,38.79],[-121.1,38.82],[-121.06,38.85],[-121.04,38.92],[-120.94,38.94],[-120.94,38.96],[-120.86,38.95],[-120.81,39],[-120.73,39],[-120.64,38.94],[-120.57,38.91],[-120.51,38.93],[-120.47,38.97],[-120.43,39.03],[-120.24,39.02],[-120.18,39.03],[-120.14,39.07],[-120,39.07]]]}},{"type":"Feature","properties":{"fips":"06053"},"geometry":{"type":"Polygon","coordinates":[[[-121.81,36.85],[-121.79,36.89],[-121.7,36.92],[-121.64,36.89],[-121.62,36.85],[-121.6,36.84],[-121.52,36.77],[-121.48,36.76],[-121.45,36.72],[-121.49,36.71],[-121.47,36.69],[-121.36,36.66],[-121.32,36.61],[-121.33,36.55],[-121.3,36.53],[-121.31,36.5],[-121.24,36.51],[-121.23,36.48],[-121.08,36.35],[-121.04,36.31],[-121.04,36.27],[-121.01,36.27],[-121.01,36.27],[-120.99,36.29],[-120.95,36.28],[-120.93,36.31],[-120.86,36.29],[-120.76,36.2],[-120.71,36.2],[-120.72,36.26],[-120.75,36.31],[-120.68,36.27],[-120.68,36.25],[-120.63,36.2],[-120.67,36.16],[-120.65,36.11],[-120.6,36.1],[-120.59,36.07],[-120.54,36.04],[-120.48,36.01],[-120.43,35.97],[-120.36,35.96],[-120.32,35.91],[-120.28,35.91],[-120.24,35.87],[-120.26,35.85],[-120.22,35.82],[-120.21,35.79],[-121.12,35.79],[-121.35,35.8],[-121.41,35.86],[-121.46,35.89],[-121.49,35.97],[-121.5,36],[-121.58,36.03],[-121.63,36.11],[-121.72,36.2],[-121.84,36.25],[-121.88,36.29],[-121.91,36.36],[-121.9,36.39],[-121.94,36.48],[-121.93,36.56],[-121.97,36.57],[-121.94,36.64],[-121.87,36.6],[-121.84,36.63],[-121.82,36.68],[-121.79,36.8],[-121.81,36.85]]]}},{"type":"Feature","properties":{"fips":"56009"},"geometry":{"type":"Polygon","coordinates":[[[-106.08,43.49],[-106.02,43.49],[-105.69,43.5],[-105.08,43.5],[-104.9,43.5],[-104.9,42.79],[-104.89,42.78],[-104.89,42.61],[-105.29,42.61],[-105.28,42.43],[-105.33,42.43],[-105.36,42.38],[-105.36,42.32],[-105.38,42.29],[-105.53,42.29],[-105.61,42.3],[-105.61,42.38],[-105.57,42.38],[-105.56,42.43],[-106.07,42.43],[-106.08,42.43],[-106.08,42.78],[-106.07,42.78],[-106.07,43.47],[-106.08,43.49]]]}},{"type":"Feature","properties":{"fips":"56029"},"geometry":{"type":"Polygon","coordinates":[[[-111.04,45],[-110.79,45],[-110.71,44.99],[-110.4,44.99],[-110.36,45],[-110.2,45],[-110.11,45],[-109.8,45],[-109.1,45.01],[-109.06,45],[-108.62,45],[-108.62,44.87],[-108.59,44.87],[-108.59,44.52],[-108.57,44.52],[-108.57,44.17],[-108.55,44.17],[-108.55,44.08],[-108.79,44.08],[-108.79,43.99],[-108.92,43.99],[-108.91,43.9],[-109.09,43.9],[-109.1,43.82],[-109.31,43.81],[-109.37,43.84],[-109.4,43.88],[-109.48,43.95],[-109.51,43.94],[-109.56,43.95],[-109.63,43.93],[-109.67,43.87],[-109.67,43.85],[-109.73,43.83],[-109.79,43.8],[-109.85,43.82],[-109.86,43.85],[-109.82,43.86],[-109.82,43.89],[-109.87,43.93],[-109.86,43.95],[-110,43.95],[-110.03,44],[-110.05,44.01],[-110.05,44.11],[-110.13,44.14],[-110.11,44.18],[-110.15,44.29],[-110.2,44.32],[-110.2,44.32],[-110.2,44.32],[-110.2,44.32],[-110.2,44.32],[-110.23,44.38],[-110.3,44.43],[-110.28,44.52],[-110.29,44.55],[-110.38,44.56],[-110.38,44.58],[-110.67,44.58],[-110.67,44.67],[-111.05,44.67],[-111.06,44.87],[-111.05,45],[-111.04,45]]]}},{"type":"Feature","properties":{"fips":"35029"},"geometry":{"type":"Polygon","coordinates":[[[-107.61,32.61],[-107.3,32.61],[-107.3,32.22],[-107.3,31.78],[-108.21,31.78],[-108.22,31.86],[-108.22,32.08],[-108.23,32.08],[-108.23,32.52],[-107.92,32.52],[-107.92,32.6],[-107.61,32.61]]]}},{"type":"Feature","properties":{"fips":"08045"},"geometry":{"type":"Polygon","coordinates":[[[-109.05,39.5],[-109.05,39.66],[-108.89,39.66],[-108.89,39.65],[-108.55,39.65],[-108.55,39.69],[-107.94,39.69],[-107.94,39.83],[-107.7,39.83],[-107.43,39.83],[-107.43,39.92],[-107.32,39.92],[-107.32,40.09],[-107.04,40.09],[-107.03,40],[-107.03,39.92],[-107.11,39.92],[-107.11,39.37],[-107.43,39.37],[-108.41,39.37],[-109.05,39.37],[-109.05,39.5]]]}},{"type":"Feature","properties":{"fips":"08105"},"geometry":{"type":"Polygon","coordinates":[[[-106.69,37.84],[-106.59,37.83],[-106.59,37.75],[-106.04,37.75],[-106.04,37.4],[-106.49,37.4],[-106.68,37.4],[-106.71,37.4],[-106.71,37.66],[-106.69,37.66],[-106.69,37.84]]]}},{"type":"Feature","properties":{"fips":"08087"},"geometry":{"type":"Polygon","coordinates":[[[-103.58,40.52],[-103.47,40.52],[-103.47,40.44],[-103.47,40.35],[-103.47,40],[-103.7,40],[-104.15,40],[-104.15,40.52],[-103.58,40.52]]]}},{"type":"Feature","properties":{"fips":"08039"},"geometry":{"type":"Polygon","coordinates":[[[-104.66,39.57],[-103.71,39.57],[-103.72,39.13],[-103.72,38.87],[-104.06,38.87],[-104.05,39.13],[-104.66,39.13],[-104.66,39.57]]]}},{"type":"Feature","properties":{"fips":"06071"},"geometry":{"type":"Polygon","coordinates":[[[-117.67,34.82],[-117.63,34.82],[-117.63,35.45],[-117.63,35.65],[-117.62,35.68],[-117.65,35.68],[-117.63,35.71],[-117.63,35.8],[-116.65,35.8],[-115.74,35.79],[-115.74,35.81],[-115.65,35.81],[-115.41,35.63],[-115.16,35.42],[-114.63,35],[-114.64,34.88],[-114.58,34.83],[-114.55,34.77],[-114.47,34.71],[-114.38,34.51],[-114.39,34.46],[-114.34,34.45],[-114.23,34.37],[-114.18,34.35],[-114.14,34.3],[-114.13,34.26],[-114.22,34.21],[-114.23,34.19],[-114.29,34.17],[-114.32,34.14],[-114.42,34.1],[-114.44,34.08],[-115.32,34.08],[-115.32,34.03],[-116.51,34.03],[-116.93,34.03],[-116.93,34],[-117.21,34],[-117.22,34.02],[-117.37,34.02],[-117.38,34.03],[-117.56,34.03],[-117.56,33.99],[-117.61,33.97],[-117.61,33.93],[-117.66,33.92],[-117.67,33.87],[-117.78,33.95],[-117.8,33.98],[-117.77,34.02],[-117.73,34.02],[-117.68,34.17],[-117.64,34.29],[-117.65,34.34],[-117.67,34.56],[-117.67,34.82]]]}},{"type":"Feature","properties":{"fips":"08085"},"geometry":{"type":"Polygon","coordinates":[[[-109.06,38.5],[-108.38,38.5],[-108.38,38.67],[-107.5,38.67],[-107.5,38.3],[-107.63,38.3],[-107.63,38.33],[-108.13,38.33],[-108.1,38.31],[-108.09,38.26],[-108.01,38.26],[-107.94,38.22],[-107.95,38.15],[-107.96,38.15],[-108.91,38.16],[-109.04,38.15],[-109.06,38.28],[-109.06,38.5]]]}},{"type":"Feature","properties":{"fips":"06103"},"geometry":{"type":"Polygon","coordinates":[[[-122.99,40.31],[-122.99,40.31],[-122.94,40.31],[-122.94,40.31],[-122.92,40.31],[-122.87,40.35],[-122.86,40.34],[-122.75,40.36],[-122.66,40.33],[-122.52,40.39],[-122.46,40.38],[-122.35,40.37],[-122.13,40.4],[-122.09,40.41],[-122.09,40.41],[-122.01,40.43],[-121.94,40.42],[-121.85,40.44],[-121.73,40.44],[-121.69,40.45],[-121.65,40.44],[-121.5,40.45],[-121.47,40.35],[-121.38,40.34],[-121.34,40.31],[-121.38,40.3],[-121.35,40.28],[-121.37,40.21],[-121.41,40.19],[-121.44,40.2],[-121.44,40.15],[-121.45,40.12],[-121.51,40.1],[-121.59,40.1],[-121.6,40.06],[-121.64,40.03],[-121.65,39.98],[-121.7,39.98],[-121.75,39.94],[-121.75,39.91],[-121.8,39.88],[-122.05,39.88],[-122.07,39.84],[-122.05,39.8],[-122.94,39.8],[-122.96,39.84],[-122.95,39.91],[-122.92,39.92],[-122.94,39.98],[-122.95,40],[-122.96,40.1],[-122.99,40.15],[-122.97,40.19],[-122.98,40.24],[-123.05,40.27],[-123.06,40.29],[-122.99,40.31]]]}},{"type":"Feature","properties":{"fips":"08089"},"geometry":{"type":"Polygon","coordinates":[[[-104.06,38.15],[-103.99,38.15],[-103.97,38.13],[-103.85,38.12],[-103.84,38.11],[-103.62,38.11],[-103.62,38.17],[-103.51,38.17],[-103.5,38.27],[-103.4,38.27],[-103.4,37.82],[-103.41,37.64],[-104.06,37.64],[-104.06,37.73],[-104.06,37.82],[-104.06,38.15]]]}},{"type":"Feature","properties":{"fips":"08119"},"geometry":{"type":"Polygon","coordinates":[[[-105.33,39.13],[-105.03,39.13],[-105.03,38.87],[-105.07,38.87],[-105.07,38.8],[-104.94,38.8],[-104.94,38.65],[-105.24,38.65],[-105.24,38.7],[-105.33,38.7],[-105.33,39.13]]]}},{"type":"Feature","properties":{"fips":"06057"},"geometry":{"type":"Polygon","coordinates":[[[-121.02,39.39],[-121,39.41],[-120.88,39.43],[-120.88,39.43],[-120.86,39.43],[-120.86,39.43],[-120.8,39.44],[-120.74,39.46],[-120.68,39.52],[-120.59,39.52],[-120.56,39.51],[-120.53,39.46],[-120.5,39.45],[-120,39.45],[-120.01,39.32],[-120.65,39.31],[-120.73,39.29],[-120.8,39.23],[-120.86,39.21],[-120.87,39.18],[-120.91,39.17],[-120.98,39.11],[-120.99,39.08],[-121.04,39.01],[-121.1,39.01],[-121.14,39.04],[-121.19,39.01],[-121.28,39.03],[-121.28,39.23],[-121.27,39.27],[-121.22,39.28],[-121.21,39.32],[-121.13,39.38],[-121.08,39.39],[-121.02,39.39]]]}},{"type":"Feature","properties":{"fips":"32009"},"geometry":{"type":"Polygon","coordinates":[[[-117.69,38.47],[-117.16,38],[-117.16,37.37],[-117.17,36.97],[-117.83,37.47],[-118.05,37.63],[-118.43,37.9],[-118.35,37.89],[-117.69,38.47]]]}},{"type":"Feature","properties":{"fips":"06109"},"geometry":{"type":"Polygon","coordinates":[[[-120.02,38.43],[-119.88,38.36],[-119.8,38.4],[-119.75,38.42],[-119.7,38.41],[-119.7,38.37],[-119.64,38.33],[-119.65,38.28],[-119.6,38.24],[-119.63,38.2],[-119.51,38.14],[-119.5,38.15],[-119.45,38.1],[-119.43,38.11],[-119.35,38.08],[-119.31,38.03],[-119.32,37.97],[-119.3,37.94],[-119.21,37.9],[-119.22,37.85],[-119.2,37.79],[-119.27,37.74],[-119.31,37.78],[-119.38,37.84],[-119.43,37.87],[-119.49,37.86],[-119.53,37.89],[-119.58,37.9],[-119.6,37.86],[-119.65,37.84],[-119.65,37.82],[-119.75,37.78],[-119.81,37.76],[-119.87,37.77],[-119.94,37.76],[-120.02,37.81],[-120.08,37.83],[-120.13,37.78],[-120.18,37.8],[-120.19,37.77],[-120.24,37.76],[-120.26,37.73],[-120.34,37.73],[-120.31,37.66],[-120.33,37.65],[-120.39,37.68],[-120.39,37.63],[-120.65,37.83],[-120.63,37.86],[-120.54,37.93],[-120.52,37.96],[-120.54,37.97],[-120.52,38],[-120.47,38.01],[-120.46,38.04],[-120.34,38.17],[-120.26,38.29],[-120.21,38.33],[-120.15,38.39],[-120.02,38.43]]]}},{"type":"Feature","properties":{"fips":"35057"},"geometry":{"type":"Polygon","coordinates":[[[-106.41,34.87],[-106.15,34.87],[-106.15,34.95],[-106.25,34.95],[-106.25,35.04],[-105.71,35.04],[-105.29,35.04],[-105.29,34.61],[-105.31,34.61],[-105.31,34.35],[-105.31,34.26],[-105.93,34.26],[-106.42,34.26],[-106.42,34.44],[-106.42,34.52],[-106.47,34.52],[-106.46,34.61],[-106.47,34.72],[-106.46,34.87],[-106.41,34.87]]]}},{"type":"Feature","properties":{"fips":"08095"},"geometry":{"type":"Polygon","coordinates":[[[-102.65,40.75],[-102.05,40.75],[-102.05,40.7],[-102.05,40.44],[-102.66,40.44],[-102.66,40.71],[-102.65,40.75]]]}},{"type":"Feature","properties":{"fips":"08125"},"geometry":{"type":"Polygon","coordinates":[[[-102.78,40.44],[-102.66,40.44],[-102.05,40.44],[-102.05,40.35],[-102.05,40],[-102.05,39.57],[-102.8,39.57],[-102.8,40],[-102.79,40],[-102.79,40.35],[-102.78,40.35],[-102.78,40.44]]]}},{"type":"Feature","properties":{"fips":"06083"},"geometry":{"type":"MultiPolygon","coordinates":[[[[-119.06,33.49],[-119.03,33.5],[-119.03,33.46],[-119.07,33.47],[-119.06,33.49]]],[[[-119.92,34.08],[-119.86,34.07],[-119.81,34.05],[-119.76,34.06],[-119.69,34.02],[-119.62,34.02],[-119.59,34.05],[-119.52,34.03],[-119.56,34],[-119.66,33.99],[-119.72,33.96],[-119.87,33.98],[-119.88,34.03],[-119.92,34.08]]],[[[-120.25,34],[-120.17,34.01],[-120.14,34.03],[-120.09,34.02],[-120.04,34.04],[-120.04,33.99],[-119.98,33.98],[-119.97,33.94],[-120.12,33.9],[-120.18,33.93],[-120.25,34]]],[[[-120.45,34.04],[-120.39,34.05],[-120.37,34.08],[-120.35,34.05],[-120.3,34.02],[-120.38,34.02],[-120.45,34.04]]],[[[-120.65,34.97],[-120.62,34.96],[-120.5,34.99],[-120.43,34.99],[-120.3,34.91],[-120.29,34.95],[-120.34,35],[-120.26,35.03],[-120.26,35.03],[-120.21,35.02],[-120.18,35.04],[-120.17,35.08],[-120.13,35.1],[-120.13,35.1],[-120.09,35.11],[-119.97,35.06],[-119.93,35.06],[-119.86,35.03],[-119.83,35.01],[-119.75,34.97],[-119.67,34.97],[-119.62,34.95],[-119.54,34.9],[-119.47,34.9],[-119.44,34.9],[-119.44,34.46],[-119.45,34.4],[-119.48,34.38],[-119.56,34.41],[-119.67,34.42],[-119.73,34.4],[-119.79,34.42],[-119.87,34.41],[-120.01,34.46],[-120.09,34.46],[-120.14,34.47],[-120.3,34.47],[-120.47,34.45],[-120.48,34.47],[-120.52,34.53],[-120.58,34.56],[-120.62,34.55],[-120.65,34.58],[-120.6,34.7],[-120.64,34.76],[-120.61,34.86],[-120.67,34.9],[-120.65,34.97]]]]}},{"type":"Feature","properties":{"fips":"06105"},"geometry":{"type":"Polygon","coordinates":[[[-123.41,41.18],[-123.3,41.14],[-123.24,41.08],[-123.13,41.08],[-123.05,41.04],[-123.03,41],[-122.97,41.01],[-122.94,40.99],[-122.9,41.03],[-122.92,41.07],[-122.97,41.09],[-122.95,41.15],[-122.89,41.2],[-122.8,41.21],[-122.72,41.26],[-122.66,41.29],[-122.65,41.32],[-122.59,41.33],[-122.55,41.36],[-122.49,41.32],[-122.51,41.28],[-122.52,41.2],[-122.5,41.18],[-122.45,41.16],[-122.46,41.1],[-122.51,41.09],[-122.53,41.02],[-122.6,40.97],[-122.61,40.89],[-122.67,40.83],[-122.66,40.79],[-122.72,40.74],[-122.71,40.72],[-122.75,40.69],[-122.71,40.63],[-122.7,40.57],[-122.77,40.56],[-122.8,40.51],[-122.84,40.51],[-122.9,40.45],[-122.99,40.42],[-123.02,40.37],[-123.07,40.34],[-123.06,40.29],[-123.05,40.27],[-122.98,40.24],[-122.97,40.19],[-122.99,40.15],[-122.96,40.1],[-122.95,40],[-122.94,39.98],[-123.55,39.98],[-123.55,40],[-123.55,40.69],[-123.54,40.73],[-123.57,40.86],[-123.62,40.93],[-123.56,40.95],[-123.5,40.92],[-123.45,40.94],[-123.45,40.97],[-123.41,41.02],[-123.43,41.06],[-123.46,41.07],[-123.43,41.15],[-123.41,41.18]]]}},{"type":"Feature","properties":{"fips":"04012"},"geometry":{"type":"Polygon","coordinates":[[[-114.63,33.43],[-114.62,33.46],[-114.56,33.53],[-114.53,33.55],[-114.54,33.59],[-114.53,33.69],[-114.5,33.7],[-114.5,33.76],[-114.53,33.82],[-114.53,33.86],[-114.5,33.86],[-114.51,33.91],[-114.54,33.93],[-114.44,34.03],[-114.44,34.08],[-114.42,34.1],[-114.32,34.14],[-114.29,34.17],[-114.23,34.19],[-114.22,34.21],[-114.13,34.26],[-114.14,34.3],[-114.09,34.3],[-114.03,34.26],[-113.93,34.25],[-113.85,34.25],[-113.84,34.22],[-113.74,34.24],[-113.68,34.21],[-113.59,34.24],[-113.54,34.31],[-113.36,34.29],[-113.33,34.32],[-113.33,34],[-113.33,33.38],[-113.96,33.38],[-113.96,33.46],[-114.27,33.46],[-114.27,33.03],[-114.51,33.03],[-114.58,33.04],[-114.6,33.03],[-114.65,33.05],[-114.66,33.03],[-114.71,33.09],[-114.68,33.15],[-114.68,33.27],[-114.73,33.31],[-114.7,33.36],[-114.73,33.41],[-114.64,33.42],[-114.63,33.43]]]}},{"type":"Feature","properties":{"fips":"08101"},"geometry":{"type":"Polygon","coordinates":[[[-105.05,38.26],[-104.94,38.26],[-104.94,38.52],[-104.57,38.52],[-104.05,38.52],[-104.06,38.15],[-104.06,37.82],[-104.06,37.73],[-104.35,37.82],[-104.65,37.9],[-105.01,37.88],[-105.05,37.92],[-105.05,38.26]]]}},{"type":"Feature","properties":{"fips":"08003"},"geometry":{"type":"Polygon","coordinates":[[[-106.04,37.4],[-106.04,37.75],[-105.46,37.75],[-105.48,37.71],[-105.48,37.67],[-105.5,37.6],[-105.48,37.58],[-105.5,37.56],[-105.74,37.36],[-106.04,37.36],[-106.04,37.4]]]}},{"type":"Feature","properties":{"fips":"08009"},"geometry":{"type":"Polygon","coordinates":[[[-103.08,37.64],[-102.75,37.64],[-102.04,37.64],[-102.04,37.39],[-102.04,36.99],[-102.7,37],[-102.78,37],[-103,37],[-103.09,37],[-103.08,37.38],[-103.08,37.38],[-103.08,37.64]]]}},{"type":"Feature","properties":{"fips":"35017"},"geometry":{"type":"Polygon","coordinates":[[[-109.05,33.21],[-108.65,33.21],[-108.45,33.2],[-108,33.2],[-107.86,33.2],[-107.84,33.07],[-107.85,33.06],[-107.86,33],[-107.83,32.96],[-107.77,32.95],[-107.76,32.91],[-107.77,32.85],[-107.72,32.78],[-107.72,32.66],[-107.74,32.63],[-107.61,32.61],[-107.92,32.6],[-107.92,32.52],[-108.23,32.52],[-108.23,32.08],[-108.22,32.08],[-108.22,31.86],[-108.52,31.86],[-108.52,32.08],[-108.54,32.08],[-108.54,32.27],[-108.54,32.52],[-108.65,32.52],[-108.65,32.6],[-108.85,32.6],[-108.85,32.78],[-109.05,32.78],[-109.05,33.21]]]}},{"type":"Feature","properties":{"fips":"04007"},"geometry":{"type":"Polygon","coordinates":[[[-111.55,34.47],[-111.47,34.46],[-111.55,34.42],[-111.46,34.41],[-111.44,34.45],[-111.42,34.38],[-111.4,34.43],[-111.35,34.44],[-111.31,34.43],[-111.25,34.45],[-111.21,34.41],[-111.15,34.39],[-111.15,34.38],[-111.1,34.4],[-111.02,34.36],[-110.95,34.32],[-110.9,34.3],[-110.85,34.27],[-110.79,34.31],[-110.75,34.26],[-110.75,34],[-110,34],[-110,33.58],[-110,33.49],[-110.06,33.47],[-110.14,33.47],[-110.21,33.44],[-110.28,33.44],[-110.34,33.43],[-110.35,33.41],[-110.42,33.4],[-110.45,33.36],[-110.44,33.26],[-110.41,33.2],[-110.45,33.19],[-110.51,33.19],[-110.59,33.13],[-110.63,33.14],[-110.68,33.11],[-110.69,33.08],[-110.72,33.07],[-110.73,33.03],[-110.78,32.98],[-110.95,33.25],[-110.98,33.34],[-111.04,33.47],[-111.15,33.68],[-111.21,33.63],[-111.22,33.6],[-111.26,33.62],[-111.33,33.69],[-111.34,33.72],[-111.39,33.75],[-111.39,33.8],[-111.37,33.82],[-111.41,33.88],[-111.41,33.92],[-111.45,33.92],[-111.45,34],[-111.5,34],[-111.49,34.04],[-111.46,34.07],[-111.49,34.13],[-111.48,34.15],[-111.71,34.15],[-111.69,34.18],[-111.7,34.24],[-111.67,34.29],[-111.66,34.39],[-111.55,34.44],[-111.55,34.47]]]}},{"type":"Feature","properties":{"fips":"35051"},"geometry":{"type":"Polygon","coordinates":[[[-107.71,33.48],[-106.47,33.48],[-106.37,33.48],[-106.37,33.39],[-106.35,33.39],[-106.34,33.05],[-106.89,32.82],[-106.89,32.78],[-107.3,32.78],[-107.3,32.61],[-107.61,32.61],[-107.74,32.63],[-107.72,32.66],[-107.72,32.78],[-107.77,32.85],[-107.76,32.91],[-107.77,32.95],[-107.83,32.96],[-107.86,33],[-107.85,33.06],[-107.84,33.07],[-107.86,33.2],[-108,33.2],[-108,33.48],[-107.94,33.47],[-107.71,33.48]]]}},{"type":"Feature","properties":{"fips":"06099"},"geometry":{"type":"Polygon","coordinates":[[[-121.47,37.48],[-121.47,37.48],[-121.24,37.66],[-121.14,37.72],[-121.06,37.75],[-121.03,37.74],[-121,37.76],[-120.92,37.74],[-120.93,38.08],[-120.88,38.03],[-120.65,37.83],[-120.39,37.63],[-120.98,37.4],[-120.96,37.35],[-121.23,37.13],[-121.28,37.18],[-121.33,37.17],[-121.36,37.18],[-121.39,37.15],[-121.42,37.21],[-121.46,37.25],[-121.46,37.28],[-121.41,37.31],[-121.42,37.36],[-121.41,37.38],[-121.46,37.4],[-121.47,37.42],[-121.47,37.48]]]}},{"type":"Feature","properties":{"fips":"06011"},"geometry":{"type":"Polygon","coordinates":[[[-122.74,39.38],[-122.13,39.39],[-122.13,39.41],[-122.01,39.41],[-122.01,39.38],[-121.89,39.38],[-121.91,39.3],[-121.95,39.24],[-121.93,39.2],[-121.94,39.18],[-121.89,39.07],[-121.85,39.07],[-121.82,39.03],[-121.82,38.99],[-121.84,38.92],[-122.34,38.92],[-122.41,38.96],[-122.41,39.02],[-122.49,39.05],[-122.5,39.12],[-122.48,39.17],[-122.52,39.21],[-122.57,39.2],[-122.68,39.24],[-122.76,39.28],[-122.77,39.31],[-122.74,39.38]]]}},{"type":"Feature","properties":{"fips":"06003"},"geometry":{"type":"Polygon","coordinates":[[[-120.07,38.51],[-120.07,38.7],[-119.96,38.78],[-119.88,38.87],[-119.91,38.93],[-119.59,38.71],[-119.62,38.67],[-119.62,38.6],[-119.54,38.5],[-119.56,38.41],[-119.62,38.39],[-119.61,38.37],[-119.64,38.33],[-119.7,38.37],[-119.7,38.41],[-119.75,38.42],[-119.8,38.4],[-119.88,38.36],[-120.02,38.43],[-120.07,38.45],[-120.07,38.51]]]}},{"type":"Feature","properties":{"fips":"06093"},"geometry":{"type":"Polygon","coordinates":[[[-123.52,42],[-123.35,42],[-123.23,42],[-123.15,42.01],[-123.05,42],[-122.63,42],[-122.5,42.01],[-122.29,42.01],[-122,42],[-121.45,42],[-121.46,41.95],[-121.46,41.78],[-121.45,41.78],[-121.45,41.43],[-121.45,41.18],[-122.5,41.18],[-122.52,41.2],[-122.51,41.28],[-122.49,41.32],[-122.55,41.36],[-122.59,41.33],[-122.65,41.32],[-122.66,41.29],[-122.72,41.26],[-122.8,41.21],[-122.89,41.2],[-122.95,41.15],[-122.97,41.09],[-122.92,41.07],[-122.9,41.03],[-122.94,40.99],[-122.97,41.01],[-123.03,41],[-123.05,41.04],[-123.13,41.08],[-123.24,41.08],[-123.3,41.14],[-123.41,41.18],[-123.44,41.23],[-123.47,41.37],[-123.5,41.38],[-123.66,41.38],[-123.61,41.45],[-123.65,41.54],[-123.69,41.56],[-123.68,41.59],[-123.72,41.59],[-123.69,41.64],[-123.66,41.73],[-123.68,41.75],[-123.67,41.8],[-123.7,41.82],[-123.65,41.86],[-123.64,41.89],[-123.6,41.88],[-123.56,41.9],[-123.52,42]]]}},{"type":"Feature","properties":{"fips":"08083"},"geometry":{"type":"Polygon","coordinates":[[[-109.04,37.48],[-108.92,37.63],[-108.16,37.64],[-107.97,37.64],[-108.02,37.59],[-108.04,37.52],[-108.03,37.46],[-108.08,37.44],[-108.1,37.39],[-108.2,37.36],[-108.22,37.29],[-108.25,37.25],[-108.29,37.22],[-108.29,37.15],[-108.31,37.13],[-108.33,37.05],[-108.38,37],[-109.04,37],[-109.04,37.48]]]}},{"type":"Feature","properties":{"fips":"35059"},"geometry":{"type":"Polygon","coordinates":[[[-104.01,37],[-103.09,37],[-103,37],[-103,36.6],[-103,36.5],[-103.04,36.5],[-103.04,36.32],[-103.04,36.06],[-103.04,35.74],[-103.37,35.74],[-103.37,36],[-103.37,36.09],[-103.79,36.09],[-103.79,36.17],[-104.01,36.17],[-104.01,36.22],[-104.01,37]]]}},{"type":"Feature","properties":{"fips":"35011"},"geometry":{"type":"Polygon","coordinates":[[[-104.89,34.35],[-104.89,34.6],[-104.44,34.6],[-104.44,34.69],[-104.34,34.69],[-104.34,34.78],[-104.13,34.78],[-104.13,34.61],[-103.95,34.61],[-103.95,34.26],[-103.94,34.08],[-104.16,34.08],[-104.16,34],[-104.32,34],[-104.78,34],[-104.79,34.09],[-104.89,34.09],[-104.89,34.35]]]}},{"type":"Feature","properties":{"fips":"49009"},"geometry":{"type":"Polygon","coordinates":[[[-110,41],[-109.54,41],[-109.05,41],[-109.05,40.66],[-109.12,40.66],[-109.16,40.68],[-109.16,40.79],[-109.2,40.79],[-109.2,40.86],[-109.39,40.86],[-109.39,40.79],[-109.48,40.74],[-109.51,40.75],[-109.53,40.83],[-109.57,40.81],[-109.63,40.82],[-109.68,40.79],[-109.75,40.8],[-109.77,40.78],[-109.87,40.76],[-109.98,40.81],[-110,40.81],[-110,41]]]}},{"type":"Feature","properties":{"fips":"49029"},"geometry":{"type":"Polygon","coordinates":[[[-111.42,41.36],[-111.39,41.37],[-111.33,41.36],[-111.26,41.3],[-111.28,41.23],[-111.22,41.22],[-111.24,41.16],[-111.27,41.14],[-111.37,41.13],[-111.38,41.09],[-111.45,41.08],[-111.51,41.06],[-111.59,40.99],[-111.58,40.96],[-111.53,40.95],[-111.53,40.92],[-111.48,40.86],[-111.52,40.82],[-111.52,40.79],[-111.55,40.78],[-111.61,40.81],[-111.64,40.8],[-111.67,40.85],[-111.74,40.86],[-111.77,40.87],[-111.82,40.96],[-111.78,40.96],[-111.84,41.02],[-111.85,41.07],[-111.86,41.14],[-111.88,41.17],[-111.86,41.2],[-111.8,41.22],[-111.75,41.21],[-111.72,41.19],[-111.66,41.19],[-111.61,41.21],[-111.6,41.24],[-111.5,41.23],[-111.44,41.29],[-111.45,41.32],[-111.42,41.36]]]}},{"type":"Feature","properties":{"fips":"08005"},"geometry":{"type":"MultiPolygon","coordinates":[[[[-104.94,39.71],[-104.94,39.71],[-104.94,39.71],[-104.94,39.71]]],[[[-105.05,39.62],[-105.05,39.63],[-105.05,39.63],[-105.04,39.65],[-104.97,39.67],[-104.88,39.62],[-104.85,39.66],[-104.9,39.67],[-104.9,39.69],[-104.87,39.7],[-104.88,39.74],[-104.47,39.74],[-103.71,39.74],[-103.71,39.57],[-103.71,39.57],[-104.66,39.57],[-105.05,39.57],[-105.05,39.62]]]]}},{"type":"Feature","properties":{"fips":"06015"},"geometry":{"type":"Polygon","coordinates":[[[-124.21,42],[-123.82,42],[-123.66,42],[-123.52,42],[-123.56,41.9],[-123.6,41.88],[-123.64,41.89],[-123.65,41.86],[-123.7,41.82],[-123.67,41.8],[-123.68,41.75],[-123.66,41.73],[-123.69,41.64],[-123.72,41.59],[-123.68,41.59],[-123.69,41.56],[-123.65,41.54],[-123.61,41.45],[-123.66,41.38],[-123.77,41.38],[-123.77,41.46],[-124.07,41.47],[-124.08,41.55],[-124.13,41.66],[-124.16,41.74],[-124.2,41.74],[-124.26,41.78],[-124.22,41.85],[-124.2,41.94],[-124.21,42]]]}},{"type":"Feature","properties":{"fips":"32017"},"geometry":{"type":"Polygon","coordinates":[[[-115,38.68],[-114.05,38.68],[-114.05,38.57],[-114.05,38.15],[-114.05,38],[-114.05,37.77],[-114.05,37.6],[-114.05,37],[-114.05,36.84],[-114.76,36.84],[-114.76,36.85],[-115.74,36.85],[-115.74,36.84],[-115.9,36.84],[-115.89,36.86],[-115.89,38.05],[-115,38.05],[-115,38.68]]]}},{"type":"Feature","properties":{"fips":"56023"},"geometry":{"type":"Polygon","coordinates":[[[-111.05,42.51],[-111.04,42.72],[-111.04,43.02],[-111.04,43.32],[-110.81,43.31],[-110.81,43.24],[-110.58,43.24],[-110.58,43.13],[-110.59,43.13],[-110.59,42.78],[-110.62,42.78],[-110.62,42.71],[-110.59,42.71],[-110.59,42.45],[-110.54,42.45],[-110.54,42.28],[-110.21,42.28],[-110.05,42.27],[-110.05,42.03],[-110.05,42.01],[-110.05,41.58],[-110.58,41.58],[-111.04,41.58],[-111.05,42],[-111.05,42.51]]]}},{"type":"Feature","properties":{"fips":"32021"},"geometry":{"type":"Polygon","coordinates":[[[-119.16,38.41],[-118.91,38.41],[-118.91,38.76],[-118.9,38.85],[-119.02,38.85],[-119.02,38.94],[-118.93,39.07],[-118.75,39.07],[-117.86,39.07],[-118.2,39],[-118.2,38.92],[-117.69,38.47],[-118.35,37.89],[-118.43,37.9],[-118.86,38.2],[-119.08,38.36],[-119.16,38.41]]]}},{"type":"Feature","properties":{"fips":"35061"},"geometry":{"type":"Polygon","coordinates":[[[-107.07,34.96],[-107.02,34.87],[-106.72,34.87],[-106.69,34.91],[-106.43,34.9],[-106.41,34.87],[-106.46,34.87],[-106.47,34.72],[-106.46,34.61],[-106.47,34.52],[-106.42,34.52],[-106.42,34.44],[-106.46,34.44],[-106.5,34.46],[-106.77,34.53],[-106.88,34.58],[-107.2,34.58],[-107.2,34.96],[-107.07,34.96]]]}},{"type":"Feature","properties":{"fips":"35047"},"geometry":{"type":"Polygon","coordinates":[[[-105.72,35.87],[-105.35,35.87],[-105.11,35.81],[-105.02,35.75],[-105.01,35.77],[-104.75,35.78],[-104.37,35.78],[-104.02,35.78],[-103.98,35.8],[-103.72,35.42],[-103.64,35.42],[-103.64,35.39],[-103.64,35.24],[-103.86,35.24],[-103.86,35.26],[-104.12,35.14],[-104.12,35.22],[-104.89,35.22],[-105.29,35.22],[-105.29,35.04],[-105.71,35.04],[-105.72,35.3],[-105.72,35.65],[-105.72,35.87]]]}},{"type":"Feature","properties":{"fips":"08079"},"geometry":{"type":"Polygon","coordinates":[[[-107,37.96],[-106.97,37.97],[-106.95,37.95],[-106.88,37.96],[-106.85,37.92],[-106.8,37.91],[-106.77,37.89],[-106.69,37.87],[-106.69,37.84],[-106.69,37.66],[-106.71,37.66],[-106.71,37.4],[-106.71,37.4],[-107.13,37.39],[-107.13,37.42],[-107.12,37.67],[-107.15,37.68],[-107.14,37.94],[-107.07,37.96],[-107,37.96]]]}},{"type":"Feature","properties":{"fips":"04019"},"geometry":{"type":"Polygon","coordinates":[[[-113.33,32.51],[-113.11,32.51],[-112.2,32.51],[-111.57,32.51],[-111.35,32.5],[-111.16,32.5],[-111.16,32.51],[-110.86,32.51],[-110.85,32.51],[-110.45,32.51],[-110.45,32.43],[-110.45,32.25],[-110.45,31.73],[-110.85,31.73],[-110.85,31.73],[-111.16,31.73],[-111.16,31.52],[-111.37,31.52],[-111.37,31.43],[-112.36,31.74],[-113.13,31.97],[-113.33,32.04],[-113.33,32.51]]]}},{"type":"Feature","properties":{"fips":"04011"},"geometry":{"type":"Polygon","coordinates":[[[-109.5,33.65],[-109.48,33.69],[-109.44,33.71],[-109.35,33.72],[-109.35,33.78],[-109.05,33.78],[-109.05,33.21],[-109.05,32.78],[-109.05,32.43],[-109.11,32.43],[-109.22,32.53],[-109.21,32.58],[-109.21,32.68],[-109.25,32.74],[-109.32,32.84],[-109.33,32.84],[-109.5,33.08],[-109.5,33.65]]]}},{"type":"Feature","properties":{"fips":"35035"},"geometry":{"type":"Polygon","coordinates":[[[-106.34,33.05],[-106.35,33.39],[-105.73,33.39],[-105.72,33.3],[-105.32,33.31],[-105.32,33.13],[-105.32,32.96],[-105.35,32.96],[-105.36,32.52],[-104.85,32.52],[-104.85,32.26],[-104.85,32.25],[-104.85,32],[-104.92,32],[-105.43,32],[-106,32],[-106.38,32],[-106.38,32.96],[-106.34,32.96],[-106.34,33.05]]]}},{"type":"Feature","properties":{"fips":"35023"},"geometry":{"type":"Polygon","coordinates":[[[-109.05,32.43],[-109.05,32.78],[-108.85,32.78],[-108.85,32.6],[-108.65,32.6],[-108.65,32.52],[-108.54,32.52],[-108.54,32.27],[-108.54,32.08],[-108.52,32.08],[-108.52,31.86],[-108.22,31.86],[-108.21,31.78],[-108.21,31.33],[-109.05,31.33],[-109.05,32.43]]]}},{"type":"Feature","properties":{"fips":"35006"},"geometry":{"type":"Polygon","coordinates":[[[-109.04,34.96],[-108.47,34.96],[-108.47,35.31],[-107.73,35.3],[-107.73,35.35],[-107.63,35.35],[-107.63,35.3],[-107.31,35.31],[-107.24,35.31],[-107.2,35.22],[-107.07,34.96],[-107.2,34.96],[-107.2,34.58],[-107.69,34.58],[-107.72,34.58],[-109.04,34.58],[-109.04,34.96]]]}},{"type":"Feature","properties":{"fips":"35015"},"geometry":{"type":"Polygon","coordinates":[[[-104.85,32.52],[-104.84,32.52],[-104.84,32.96],[-103.82,32.97],[-103.82,32.52],[-103.72,32.52],[-103.72,32],[-103.98,32],[-104.02,32],[-104.53,32],[-104.85,32],[-104.85,32.25],[-104.85,32.26],[-104.85,32.52]]]}},{"type":"Feature","properties":{"fips":"06027"},"geometry":{"type":"Polygon","coordinates":[[[-118.78,37.46],[-117.83,37.47],[-117.17,36.97],[-116.25,36.28],[-115.85,35.96],[-115.65,35.81],[-115.74,35.81],[-115.74,35.79],[-116.65,35.8],[-117.63,35.8],[-117.92,35.8],[-117.92,35.79],[-118.01,35.79],[-118,35.86],[-117.98,35.87],[-117.99,35.94],[-118.02,35.96],[-118.01,35.99],[-118.03,36.01],[-118.05,36.08],[-118.07,36.1],[-118.06,36.16],[-118.1,36.21],[-118.13,36.3],[-118.1,36.34],[-118.16,36.39],[-118.14,36.42],[-118.21,36.43],[-118.24,36.48],[-118.25,36.53],[-118.29,36.56],[-118.29,36.6],[-118.32,36.63],[-118.37,36.69],[-118.33,36.71],[-118.36,36.74],[-118.39,36.83],[-118.37,36.84],[-118.37,36.89],[-118.42,36.99],[-118.44,37.05],[-118.53,37.11],[-118.6,37.14],[-118.65,37.14],[-118.69,37.23],[-118.67,37.26],[-118.69,37.3],[-118.78,37.34],[-118.79,37.39],[-118.76,37.44],[-118.78,37.46]]]}},{"type":"Feature","properties":{"fips":"35039"},"geometry":{"type":"Polygon","coordinates":[[[-107.42,37],[-106.88,37],[-106.87,36.99],[-106.47,36.99],[-106,37],[-105.97,36.89],[-105.98,36.75],[-105.97,36.6],[-105.95,36.58],[-105.94,36.47],[-105.96,36.35],[-106.04,36.33],[-106.06,36.3],[-105.86,36.23],[-105.74,36.1],[-105.53,36.01],[-105.57,35.97],[-105.63,35.98],[-105.65,35.96],[-105.72,35.98],[-105.72,36],[-106.05,36],[-106.05,35.93],[-106.25,35.93],[-106.25,35.97],[-106.25,36],[-106.88,36],[-106.88,36.22],[-107.3,36.21],[-107.62,36.22],[-107.63,36.54],[-107.62,36.68],[-107.62,36.8],[-107.6,36.82],[-107.52,36.88],[-107.45,36.9],[-107.45,36.96],[-107.42,37]]]}},{"type":"Feature","properties":{"fips":"35031"},"geometry":{"type":"Polygon","coordinates":[[[-109.04,36],[-108.54,36],[-107.63,36],[-107.31,36],[-107.31,35.31],[-107.63,35.3],[-107.63,35.35],[-107.73,35.35],[-107.73,35.3],[-108.47,35.31],[-108.47,34.96],[-109.04,34.96],[-109.04,35.32],[-109.05,35.34],[-109.04,35.55],[-109.04,36]]]}},{"type":"Feature","properties":{"fips":"08033"},"geometry":{"type":"Polygon","coordinates":[[[-109.04,37.88],[-108.82,37.88],[-108.82,37.9],[-108.26,37.89],[-108.21,37.82],[-108.14,37.83],[-108.11,37.86],[-108.09,37.84],[-107.99,37.86],[-107.86,37.78],[-107.87,37.72],[-107.97,37.7],[-107.97,37.64],[-108.16,37.64],[-108.92,37.63],[-109.04,37.48],[-109.04,37.53],[-109.04,37.88]]]}},{"type":"Feature","properties":{"fips":"56035"},"geometry":{"type":"Polygon","coordinates":[[[-110.58,43.24],[-110.58,43.29],[-110.34,43.29],[-110.34,43.38],[-110.06,43.38],[-110.05,43.46],[-109.76,43.46],[-109.76,43.37],[-109.69,43.37],[-109.7,43.33],[-109.67,43.31],[-109.69,43.26],[-109.67,43.23],[-109.65,43.17],[-109.59,43.12],[-109.55,43.06],[-109.55,43.01],[-109.5,43.01],[-109.4,42.94],[-109.37,42.95],[-109.32,42.86],[-109.21,42.79],[-109.24,42.77],[-109.2,42.77],[-109.13,42.74],[-109.13,42.69],[-109.07,42.69],[-109.07,42.43],[-109.04,42.43],[-109.04,42.26],[-109.54,42.26],[-110.05,42.27],[-110.21,42.28],[-110.54,42.28],[-110.54,42.45],[-110.59,42.45],[-110.59,42.71],[-110.62,42.71],[-110.62,42.78],[-110.59,42.78],[-110.59,43.13],[-110.58,43.13],[-110.58,43.24]]]}},{"type":"Feature","properties":{"fips":"49005"},"geometry":{"type":"Polygon","coordinates":[[[-112.16,42],[-112.11,42],[-111.51,42],[-111.47,41.93],[-111.5,41.91],[-111.51,41.85],[-111.46,41.82],[-111.44,41.74],[-111.42,41.71],[-111.42,41.68],[-111.4,41.66],[-111.43,41.62],[-111.43,41.55],[-111.48,41.5],[-111.51,41.42],[-111.62,41.42],[-111.65,41.41],[-111.7,41.42],[-111.73,41.38],[-111.76,41.37],[-111.8,41.39],[-111.87,41.4],[-111.88,41.43],[-111.92,41.46],[-111.88,41.47],[-111.91,41.53],[-111.94,41.55],[-111.98,41.53],[-112.01,41.59],[-112.02,41.66],[-112.05,41.7],[-112.01,41.79],[-112.05,41.87],[-112.12,41.93],[-112.16,42]]]}},{"type":"Feature","properties":{"fips":"56001"},"geometry":{"type":"Polygon","coordinates":[[[-106.07,42.43],[-105.56,42.43],[-105.57,42.38],[-105.61,42.38],[-105.61,42.3],[-105.53,42.29],[-105.38,42.29],[-105.36,42.32],[-105.36,42.38],[-105.33,42.43],[-105.28,42.43],[-105.27,42.09],[-105.28,41.66],[-105.28,41.12],[-105.28,41],[-105.72,41],[-106.19,41],[-106.32,41],[-106.32,41.4],[-106.07,41.4],[-106.07,41.55],[-106.07,42.07],[-106.08,42.09],[-106.07,42.43]]]}},{"type":"Feature","properties":{"fips":"06077"},"geometry":{"type":"Polygon","coordinates":[[[-121.58,38.09],[-121.59,38.12],[-121.54,38.15],[-121.53,38.19],[-121.48,38.25],[-121.43,38.25],[-121.41,38.23],[-121.35,38.23],[-121.27,38.25],[-121.22,38.24],[-121.17,38.26],[-121.07,38.3],[-121.03,38.3],[-121,38.23],[-120.94,38.09],[-120.93,38.08],[-120.92,37.74],[-121,37.76],[-121.03,37.74],[-121.06,37.75],[-121.14,37.72],[-121.24,37.66],[-121.47,37.48],[-121.5,37.53],[-121.56,37.54],[-121.56,37.82],[-121.54,37.85],[-121.58,37.86],[-121.56,37.93],[-121.58,37.98],[-121.56,38.02],[-121.59,38.04],[-121.58,38.09]]]}},{"type":"Feature","properties":{"fips":"49011"},"geometry":{"type":"Polygon","coordinates":[[[-111.86,41.14],[-111.85,41.07],[-111.84,41.02],[-111.78,40.96],[-111.82,40.96],[-111.77,40.87],[-111.74,40.86],[-111.87,40.82],[-111.94,40.82],[-111.97,40.89],[-111.96,40.92],[-112.01,40.92],[-112.15,40.85],[-112.26,40.77],[-112.49,41.08],[-112.19,41.15],[-111.97,41.15],[-111.91,41.14],[-111.86,41.14]]]}},{"type":"Feature","properties":{"fips":"49031"},"geometry":{"type":"Polygon","coordinates":[[[-112.52,38.51],[-112.12,38.51],[-112.06,38.5],[-111.77,38.5],[-111.85,38.42],[-111.84,38.15],[-112.06,38.15],[-112.44,38.15],[-112.43,38.18],[-112.36,38.22],[-112.38,38.24],[-112.35,38.28],[-112.34,38.33],[-112.4,38.42],[-112.44,38.41],[-112.45,38.43],[-112.52,38.48],[-112.52,38.51]]]}},{"type":"Feature","properties":{"fips":"32011"},"geometry":{"type":"Polygon","coordinates":[[[-116.59,41],[-116.16,41],[-116.16,40.67],[-116,40.13],[-115.84,40.13],[-115.83,40.05],[-115.83,40],[-115.8,39.91],[-115.8,39.85],[-115.81,39.82],[-115.81,39.76],[-115.83,39.73],[-115.81,39.59],[-115.83,39.57],[-115.84,39.51],[-115.87,39.47],[-115.91,39.46],[-115.91,39.16],[-116.6,39.16],[-116.59,39.4],[-116.6,40.07],[-116.59,40.32],[-116.6,40.95],[-116.59,41]]]}},{"type":"Feature","properties":{"fips":"49049"},"geometry":{"type":"Polygon","coordinates":[[[-112.17,40.47],[-112.14,40.47],[-112.11,40.44],[-112.04,40.46],[-111.98,40.41],[-111.94,40.42],[-111.88,40.47],[-111.84,40.48],[-111.76,40.53],[-111.68,40.53],[-111.64,40.57],[-111.59,40.58],[-111.57,40.55],[-111.58,40.49],[-111.62,40.45],[-111.55,40.37],[-111.48,40.36],[-111.44,40.32],[-111.44,40.29],[-111.37,40.3],[-111.31,40.29],[-111.26,40.24],[-111.27,40.22],[-111.23,40.17],[-111.22,40.12],[-111.25,40.06],[-111.21,40.05],[-111.17,39.99],[-111.12,39.97],[-111.13,39.95],[-111.08,39.94],[-111.08,39.9],[-110.89,39.9],[-110.86,39.9],[-110.86,39.81],[-111.25,39.81],[-111.64,39.81],[-111.77,39.81],[-111.74,39.86],[-111.83,39.95],[-111.83,39.92],[-111.91,39.89],[-111.97,39.81],[-112.05,39.78],[-112.09,39.78],[-112.07,39.83],[-112.08,39.87],[-112.05,39.89],[-112.1,39.93],[-112.11,39.97],[-112.18,40.01],[-112.18,40.06],[-112.15,40.11],[-112.17,40.15],[-112.15,40.17],[-112.15,40.21],[-112.19,40.26],[-112.2,40.33],[-112.17,40.34],[-112.2,40.38],[-112.21,40.45],[-112.17,40.47]]]}},{"type":"Feature","properties":{"fips":"49039"},"geometry":{"type":"Polygon","coordinates":[[[-111.64,39.81],[-111.25,39.81],[-111.25,39.7],[-111.25,39.47],[-111.3,39.47],[-111.3,39.29],[-111.3,39.03],[-111.85,39.03],[-111.85,39.05],[-112.01,39.05],[-112.02,39.31],[-112.02,39.34],[-111.96,39.34],[-111.96,39.37],[-111.92,39.38],[-111.75,39.38],[-111.75,39.46],[-111.71,39.46],[-111.72,39.69],[-111.59,39.74],[-111.59,39.78],[-111.62,39.78],[-111.64,39.81]]]}},{"type":"Feature","properties":{"fips":"56031"},"geometry":{"type":"Polygon","coordinates":[[[-104.89,42.61],[-104.66,42.61],[-104.66,41.65],[-105.28,41.66],[-105.27,42.09],[-105.28,42.43],[-105.29,42.61],[-104.89,42.61]]]}},{"type":"Feature","properties":{"fips":"04021"},"geometry":{"type":"Polygon","coordinates":[[[-111.04,33.47],[-110.98,33.34],[-110.95,33.25],[-110.78,32.98],[-110.73,33.03],[-110.72,33.07],[-110.69,33.08],[-110.68,33.11],[-110.63,33.14],[-110.59,33.13],[-110.51,33.19],[-110.45,33.19],[-110.45,32.52],[-110.45,32.51],[-110.85,32.51],[-110.86,32.51],[-111.16,32.51],[-111.16,32.5],[-111.35,32.5],[-111.57,32.51],[-112.2,32.51],[-112.2,33.31],[-112.19,33.27],[-112.15,33.25],[-112.08,33.2],[-111.58,33.21],[-111.58,33.47],[-111.04,33.47]]]}},{"type":"Feature","properties":{"fips":"04017"},"geometry":{"type":"Polygon","coordinates":[[[-110.75,37],[-110.49,37],[-110.47,37],[-110,37],[-110,35.66],[-109.83,35.66],[-109.83,35.52],[-109.85,35.52],[-109.84,35.17],[-109.85,34.82],[-109.85,34.82],[-109.85,34.65],[-109.87,34.56],[-109.85,34.49],[-109.85,34.13],[-109.86,34.13],[-109.86,33.78],[-109.89,33.78],[-109.89,33.57],[-110,33.58],[-110,34],[-110.75,34],[-110.75,34.26],[-110.75,37]]]}},{"type":"Feature","properties":{"fips":"04027"},"geometry":{"type":"Polygon","coordinates":[[[-114.72,32.72],[-114.7,32.75],[-114.62,32.73],[-114.53,32.76],[-114.53,32.79],[-114.47,32.85],[-114.46,32.91],[-114.48,32.94],[-114.51,33.03],[-114.27,33.03],[-114.27,33.46],[-113.96,33.46],[-113.96,33.38],[-113.33,33.38],[-113.33,32.51],[-113.33,32.04],[-113.49,32.09],[-114.81,32.49],[-114.79,32.55],[-114.81,32.57],[-114.81,32.62],[-114.78,32.63],[-114.72,32.72]]]}},{"type":"Feature","properties":{"fips":"56011"},"geometry":{"type":"Polygon","coordinates":[[[-105.08,45],[-105.04,45],[-104.47,45],[-104.06,45],[-104.06,44.87],[-104.06,44.57],[-104.06,44.18],[-104.38,44.18],[-105.08,44.18],[-105.08,44.18],[-105.09,44.53],[-105.09,44.79],[-105.08,44.79],[-105.08,45]]]}},{"type":"Feature","properties":{"fips":"56015"},"geometry":{"type":"Polygon","coordinates":[[[-104.66,42.61],[-104.05,42.61],[-104.05,42],[-104.05,41.7],[-104.05,41.56],[-104.65,41.56],[-104.66,41.65],[-104.66,42.61]]]}},{"type":"Feature","properties":{"fips":"06025"},"geometry":{"type":"Polygon","coordinates":[[[-116.08,33.43],[-115.47,33.43],[-115.44,33.43],[-114.63,33.43],[-114.64,33.42],[-114.73,33.41],[-114.7,33.36],[-114.73,33.31],[-114.68,33.27],[-114.68,33.15],[-114.71,33.09],[-114.66,33.03],[-114.65,33.05],[-114.6,33.03],[-114.58,33.04],[-114.51,33.03],[-114.48,32.94],[-114.46,32.91],[-114.47,32.85],[-114.53,32.79],[-114.53,32.76],[-114.62,32.73],[-114.7,32.75],[-114.72,32.72],[-115.47,32.67],[-116.1,32.62],[-116.1,33.07],[-116.08,33.07],[-116.08,33.43]]]}},{"type":"Feature","properties":{"fips":"56019"},"geometry":{"type":"Polygon","coordinates":[[[-107.37,44.56],[-106.55,44.56],[-106.43,44.56],[-106.01,44.56],[-106.02,44.52],[-106.02,44.17],[-106.01,43.82],[-106.02,43.82],[-106.02,43.49],[-106.08,43.49],[-106.45,43.49],[-107.11,43.49],[-107.11,43.5],[-107.11,43.82],[-107.13,43.82],[-107.13,44.17],[-107.15,44.17],[-107.15,44.32],[-107.19,44.35],[-107.16,44.37],[-107.2,44.4],[-107.2,44.45],[-107.24,44.44],[-107.3,44.46],[-107.29,44.5],[-107.37,44.56]]]}},{"type":"Feature","properties":{"fips":"35027"},"geometry":{"type":"Polygon","coordinates":[[[-105.93,34.26],[-105.31,34.26],[-105.31,34.35],[-104.89,34.35],[-104.89,34.09],[-104.9,33.82],[-104.89,33.82],[-104.89,33.4],[-104.88,33.31],[-104.9,33.31],[-104.91,33.14],[-105.11,33.13],[-105.32,33.13],[-105.32,33.31],[-105.72,33.3],[-105.73,33.39],[-106.35,33.39],[-106.37,33.39],[-106.37,33.48],[-106.37,33.66],[-106.27,33.66],[-106.16,33.65],[-106.05,33.65],[-106.05,33.83],[-105.93,33.83],[-105.93,34.26]]]}},{"type":"Feature","properties":{"fips":"35053"},"geometry":{"type":"Polygon","coordinates":[[[-107.72,34.58],[-107.69,34.58],[-107.2,34.58],[-106.88,34.58],[-106.77,34.53],[-106.5,34.46],[-106.46,34.44],[-106.42,34.44],[-106.42,34.26],[-105.93,34.26],[-105.93,33.83],[-106.05,33.83],[-106.05,33.65],[-106.16,33.65],[-106.27,33.66],[-106.37,33.66],[-106.37,33.48],[-106.47,33.48],[-107.71,33.48],[-107.71,33.81],[-107.72,33.83],[-107.72,34.26],[-107.72,34.26],[-107.72,34.58]]]}},{"type":"Feature","properties":{"fips":"06009"},"geometry":{"type":"Polygon","coordinates":[[[-120.07,38.51],[-120.07,38.45],[-120.02,38.43],[-120.15,38.39],[-120.21,38.33],[-120.26,38.29],[-120.34,38.17],[-120.46,38.04],[-120.47,38.01],[-120.52,38],[-120.54,37.97],[-120.52,37.96],[-120.54,37.93],[-120.63,37.86],[-120.65,37.83],[-120.88,38.03],[-120.93,38.08],[-120.94,38.09],[-121,38.23],[-120.9,38.22],[-120.81,38.29],[-120.63,38.35],[-120.61,38.39],[-120.53,38.42],[-120.5,38.45],[-120.46,38.45],[-120.42,38.47],[-120.38,38.46],[-120.28,38.48],[-120.2,38.5],[-120.15,38.49],[-120.07,38.51]]]}},{"type":"Feature","properties":{"fips":"35055"},"geometry":{"type":"Polygon","coordinates":[[[-106,37],[-105.72,37],[-105.22,37],[-105.24,36.96],[-105.2,36.92],[-105.23,36.85],[-105.24,36.79],[-105.23,36.72],[-105.31,36.72],[-105.33,36.7],[-105.37,36.68],[-105.35,36.64],[-105.38,36.61],[-105.35,36.56],[-105.38,36.55],[-105.32,36.49],[-105.36,36.45],[-105.33,36.41],[-105.34,36.26],[-105.41,36.24],[-105.4,36.19],[-105.42,36.17],[-105.42,36.13],[-105.49,36.04],[-105.53,36.01],[-105.74,36.1],[-105.86,36.23],[-106.06,36.3],[-106.04,36.33],[-105.96,36.35],[-105.94,36.47],[-105.95,36.58],[-105.97,36.6],[-105.98,36.75],[-105.97,36.89],[-106,37]]]}},{"type":"Feature","properties":{"fips":"56037"},"geometry":{"type":"Polygon","coordinates":[[[-110.05,42.27],[-109.54,42.26],[-109.04,42.26],[-108.44,42.26],[-107.52,42.26],[-107.52,42.09],[-107.51,42.09],[-107.51,41.66],[-107.93,41.65],[-107.93,41.4],[-107.92,41.4],[-107.92,41],[-108.18,41],[-109.05,41],[-109.54,41],[-110,41],[-110.05,41],[-110.05,41.58],[-110.05,42.01],[-110.05,42.03],[-110.05,42.27]]]}},{"type":"Feature","properties":{"fips":"49055"},"geometry":{"type":"Polygon","coordinates":[[[-111.77,38.5],[-111.75,38.51],[-111.31,38.51],[-111.31,38.5],[-110.55,38.5],[-110.02,38.5],[-110,38.48],[-110,38.42],[-110.03,38.39],[-110.01,38.36],[-109.98,38.39],[-109.99,38.36],[-109.93,38.28],[-109.93,38.26],[-109.89,38.23],[-109.92,38.22],[-109.88,38.19],[-109.93,38.15],[-110.69,38.15],[-111.41,38.15],[-111.64,38.15],[-111.84,38.15],[-111.85,38.42],[-111.77,38.5]]]}},{"type":"Feature","properties":{"fips":"49015"},"geometry":{"type":"Polygon","coordinates":[[[-111.3,39.03],[-111.3,39.29],[-111.3,39.47],[-111.25,39.47],[-111.25,39.7],[-111.22,39.69],[-111.19,39.62],[-111.16,39.6],[-111.13,39.61],[-111.12,39.55],[-111.08,39.52],[-111.08,39.47],[-110.5,39.47],[-110.02,39.47],[-110.01,39.42],[-110.04,39.35],[-110.08,39.28],[-110.05,39.23],[-110.08,39.23],[-110.11,39.15],[-110.1,39.14],[-110.15,39.08],[-110.16,39.03],[-110.1,38.99],[-110.04,38.99],[-110,38.95],[-110.04,38.95],[-110.07,38.98],[-110.14,38.97],[-110.16,38.89],[-110.14,38.83],[-110.1,38.81],[-110.11,38.78],[-110.09,38.75],[-110.12,38.71],[-110.09,38.71],[-110.09,38.67],[-110.04,38.65],[-110.05,38.61],[-110,38.62],[-110,38.59],[-110.05,38.6],[-110.05,38.58],[-109.99,38.57],[-110,38.52],[-110.02,38.5],[-110.55,38.5],[-111.31,38.5],[-111.31,38.51],[-111.31,38.67],[-111.3,38.67],[-111.3,39.03]]]}},{"type":"Feature","properties":{"fips":"35045"},"geometry":{"type":"Polygon","coordinates":[[[-109.04,37],[-108.38,37],[-108.25,37],[-107.48,37],[-107.42,37],[-107.45,36.96],[-107.45,36.9],[-107.52,36.88],[-107.6,36.82],[-107.62,36.8],[-107.62,36.68],[-107.63,36.54],[-107.62,36.22],[-107.63,36],[-108.54,36],[-109.04,36],[-109.04,37]]]}},{"type":"Feature","properties":{"fips":"49017"},"geometry":{"type":"Polygon","coordinates":[[[-112.48,38.15],[-112.44,38.15],[-112.06,38.15],[-111.84,38.15],[-111.64,38.15],[-111.41,38.15],[-110.69,38.15],[-109.93,38.15],[-109.99,38.1],[-110.02,38.11],[-110.06,38.04],[-110.07,38],[-110.13,38.01],[-110.2,37.94],[-110.22,37.89],[-110.27,37.9],[-110.28,37.87],[-110.3,37.89],[-110.4,37.88],[-110.43,37.81],[-110.48,37.8],[-110.46,37.77],[-110.43,37.77],[-110.48,37.7],[-110.5,37.66],[-110.56,37.63],[-110.6,37.6],[-110.61,37.56],[-110.65,37.54],[-111.01,37.54],[-111.82,37.54],[-111.84,37.54],[-112.16,37.54],[-112.36,37.54],[-112.68,37.54],[-112.69,37.81],[-112.58,37.8],[-112.58,37.88],[-112.59,37.89],[-112.47,37.89],[-112.47,37.98],[-112.48,37.98],[-112.48,38.15]]]}},{"type":"Feature","properties":{"fips":"35003"},"geometry":{"type":"Polygon","coordinates":[[[-109.05,33.78],[-109.04,33.88],[-109.05,34],[-109.04,34.58],[-107.72,34.58],[-107.72,34.26],[-107.72,34.26],[-107.72,33.83],[-107.71,33.81],[-107.71,33.48],[-107.94,33.47],[-108,33.48],[-108,33.2],[-108.45,33.2],[-108.65,33.21],[-109.05,33.21],[-109.05,33.78]]]}},{"type":"Feature","properties":{"fips":"56039"},"geometry":{"type":"Polygon","coordinates":[[[-111.05,44.67],[-110.67,44.67],[-110.67,44.58],[-110.38,44.58],[-110.38,44.56],[-110.29,44.55],[-110.28,44.52],[-110.3,44.43],[-110.23,44.38],[-110.2,44.32],[-110.2,44.32],[-110.2,44.32],[-110.2,44.32],[-110.2,44.32],[-110.15,44.29],[-110.11,44.18],[-110.13,44.14],[-110.05,44.11],[-110.05,44.01],[-110.05,43.81],[-110.05,43.46],[-110.06,43.38],[-110.34,43.38],[-110.34,43.29],[-110.58,43.29],[-110.58,43.24],[-110.81,43.24],[-110.81,43.31],[-111.04,43.32],[-111.04,43.5],[-111.05,43.68],[-111.05,43.98],[-111.05,44.35],[-111.05,44.47],[-111.05,44.67]]]}},{"type":"Feature","properties":{"fips":"08059"},"geometry":{"type":"MultiPolygon","coordinates":[[[[-105.05,39.63],[-105.05,39.63],[-105.05,39.63],[-105.05,39.63]]],[[[-105.4,39.57],[-105.4,39.75],[-105.4,39.91],[-105.15,39.91],[-105.07,39.9],[-105.05,39.91],[-105.05,39.79],[-105.05,39.7],[-105.08,39.67],[-105.05,39.65],[-105.11,39.63],[-105.05,39.62],[-105.05,39.57],[-105.09,39.5],[-105.14,39.47],[-105.12,39.43],[-105.17,39.41],[-105.16,39.36],[-105.23,39.25],[-105.33,39.13],[-105.4,39.13],[-105.4,39.57]]]]}},{"type":"Feature","properties":{"fips":"08029"},"geometry":{"type":"Polygon","coordinates":[[[-107.5,39.22],[-107.5,38.67],[-108.38,38.67],[-108.38,38.83],[-108.14,38.91],[-108.09,38.97],[-108.09,38.98],[-107.98,39.06],[-107.91,39.06],[-107.86,39.08],[-107.77,39.04],[-107.69,39.09],[-107.64,39.14],[-107.5,39.22]]]}},{"type":"Feature","properties":{"fips":"49001"},"geometry":{"type":"Polygon","coordinates":[[[-114.05,38.57],[-113.05,38.57],[-112.52,38.57],[-112.52,38.51],[-112.52,38.48],[-112.45,38.43],[-112.44,38.41],[-112.4,38.42],[-112.34,38.33],[-112.35,38.28],[-112.38,38.24],[-112.36,38.22],[-112.43,38.18],[-112.44,38.15],[-112.48,38.15],[-113.26,38.15],[-114.05,38.15],[-114.05,38.57]]]}},{"type":"Feature","properties":{"fips":"04013"},"geometry":{"type":"Polygon","coordinates":[[[-113.33,33.38],[-113.33,34],[-112.75,34],[-112.28,33.88],[-112.24,33.91],[-112.24,33.94],[-112.2,33.97],[-112.16,34.05],[-111.73,34],[-111.5,34],[-111.45,34],[-111.45,33.92],[-111.41,33.92],[-111.41,33.88],[-111.37,33.82],[-111.39,33.8],[-111.39,33.75],[-111.34,33.72],[-111.33,33.69],[-111.26,33.62],[-111.22,33.6],[-111.21,33.63],[-111.15,33.68],[-111.04,33.47],[-111.58,33.47],[-111.58,33.21],[-112.08,33.2],[-112.15,33.25],[-112.19,33.27],[-112.2,33.31],[-112.2,32.51],[-113.11,32.51],[-113.33,32.51],[-113.33,33.38]]]}},{"type":"Feature","properties":{"fips":"04009"},"geometry":{"type":"Polygon","coordinates":[[[-110,33.58],[-109.89,33.57],[-109.83,33.54],[-109.81,33.48],[-109.75,33.49],[-109.73,33.52],[-109.68,33.54],[-109.66,33.58],[-109.62,33.58],[-109.6,33.61],[-109.53,33.62],[-109.5,33.65],[-109.5,33.08],[-109.33,32.84],[-109.32,32.84],[-109.25,32.74],[-109.21,32.68],[-109.21,32.58],[-109.22,32.53],[-109.11,32.43],[-109.23,32.42],[-110.17,32.43],[-110.45,32.43],[-110.45,32.51],[-110.45,32.52],[-110.45,33.19],[-110.41,33.2],[-110.44,33.26],[-110.45,33.36],[-110.42,33.4],[-110.35,33.41],[-110.34,33.43],[-110.28,33.44],[-110.21,33.44],[-110.14,33.47],[-110.06,33.47],[-110,33.49],[-110,33.58]]]}},{"type":"Feature","properties":{"fips":"08049"},"geometry":{"type":"Polygon","coordinates":[[[-106.65,40.45],[-106.63,40.43],[-106.61,40.38],[-106.53,40.37],[-106.49,40.41],[-106.46,40.36],[-106.39,40.35],[-106.36,40.36],[-106.3,40.33],[-106.3,40.36],[-106.26,40.36],[-106.23,40.33],[-106.17,40.34],[-106.14,40.33],[-106.03,40.37],[-105.96,40.35],[-105.94,40.39],[-105.9,40.41],[-105.9,40.47],[-105.85,40.49],[-105.81,40.47],[-105.81,40.42],[-105.77,40.36],[-105.69,40.3],[-105.65,40.26],[-105.68,40.2],[-105.67,40.16],[-105.64,40.15],[-105.64,40.05],[-105.69,40.01],[-105.69,39.94],[-105.67,39.93],[-105.7,39.89],[-105.69,39.85],[-105.74,39.8],[-105.8,39.8],[-105.82,39.79],[-105.89,39.8],[-105.88,39.74],[-105.93,39.7],[-106,39.68],[-106.06,39.72],[-106.08,39.81],[-106.13,39.84],[-106.2,39.86],[-106.25,39.91],[-106.4,39.91],[-106.44,39.92],[-106.63,39.92],[-106.64,40],[-106.63,40.34],[-106.65,40.34],[-106.65,40.45]]]}},{"type":"Feature","properties":{"fips":"08109"},"geometry":{"type":"Polygon","coordinates":[[[-107,38.15],[-107,38.43],[-106.25,38.42],[-106.08,38.42],[-106.06,38.46],[-106.01,38.45],[-105.89,38.34],[-105.86,38.3],[-105.8,38.27],[-105.79,38.24],[-105.67,38.16],[-105.66,38.09],[-105.63,38.07],[-105.6,38.01],[-105.56,37.95],[-105.51,37.94],[-105.47,37.9],[-105.43,37.85],[-105.43,37.8],[-105.46,37.8],[-105.46,37.75],[-106.04,37.75],[-106.59,37.75],[-106.59,37.83],[-106.69,37.84],[-106.69,37.87],[-106.77,37.89],[-106.8,37.91],[-106.85,37.92],[-106.88,37.96],[-106.95,37.95],[-106.97,37.97],[-107,37.96],[-107,38.15]]]}},{"type":"Feature","properties":{"fips":"35028"},"geometry":{"type":"Polygon","coordinates":[[[-106.25,35.97],[-106.25,35.93],[-106.25,35.86],[-106.25,35.84],[-106.17,35.83],[-106.21,35.78],[-106.25,35.76],[-106.28,35.79],[-106.36,35.82],[-106.41,35.81],[-106.4,35.83],[-106.4,35.96],[-106.32,35.95],[-106.3,35.97],[-106.25,35.97]]]}},{"type":"Feature","properties":{"fips":"06007"},"geometry":{"type":"Polygon","coordinates":[[[-121.44,40.15],[-121.4,40.15],[-121.41,40.12],[-121.37,40.09],[-121.42,40.02],[-121.41,39.96],[-121.41,39.87],[-121.36,39.86],[-121.35,39.83],[-121.28,39.78],[-121.21,39.7],[-121.17,39.69],[-121.14,39.63],[-121.08,39.6],[-121.11,39.57],[-121.15,39.56],[-121.16,39.52],[-121.24,39.53],[-121.24,39.51],[-121.31,39.52],[-121.31,39.48],[-121.34,39.46],[-121.33,39.43],[-121.37,39.36],[-121.41,39.34],[-121.47,39.33],[-121.49,39.32],[-121.56,39.31],[-121.61,39.32],[-121.63,39.3],[-121.63,39.31],[-121.91,39.3],[-121.89,39.38],[-121.87,39.45],[-121.88,39.51],[-121.86,39.54],[-122,39.53],[-122,39.56],[-121.99,39.64],[-122,39.67],[-121.94,39.7],[-121.96,39.74],[-121.98,39.74],[-122.05,39.8],[-122.07,39.84],[-122.05,39.88],[-121.8,39.88],[-121.75,39.91],[-121.75,39.94],[-121.7,39.98],[-121.65,39.98],[-121.64,40.03],[-121.6,40.06],[-121.59,40.1],[-121.51,40.1],[-121.45,40.12],[-121.44,40.15]]]}},{"type":"Feature","properties":{"fips":"08117"},"geometry":{"type":"Polygon","coordinates":[[[-106.44,39.92],[-106.4,39.91],[-106.25,39.91],[-106.2,39.86],[-106.13,39.84],[-106.08,39.81],[-106.06,39.72],[-106,39.68],[-105.93,39.7],[-105.93,39.67],[-105.85,39.64],[-105.79,39.64],[-105.77,39.61],[-105.83,39.56],[-105.82,39.54],[-105.87,39.52],[-105.85,39.5],[-105.91,39.46],[-105.97,39.44],[-105.95,39.41],[-105.99,39.4],[-106.02,39.36],[-106.05,39.36],[-106.13,39.38],[-106.21,39.38],[-106.21,39.4],[-106.25,39.47],[-106.26,39.53],[-106.21,39.53],[-106.21,39.58],[-106.18,39.61],[-106.19,39.65],[-106.23,39.66],[-106.26,39.7],[-106.29,39.7],[-106.34,39.76],[-106.39,39.77],[-106.42,39.84],[-106.44,39.92]]]}},{"type":"Feature","properties":{"fips":"35049"},"geometry":{"type":"Polygon","coordinates":[[[-106.25,35.76],[-106.21,35.78],[-106.17,35.83],[-106.25,35.84],[-106.25,35.86],[-106.25,35.93],[-106.05,35.93],[-106.05,36],[-105.72,36],[-105.72,35.98],[-105.72,35.87],[-105.72,35.65],[-105.72,35.3],[-105.71,35.04],[-106.25,35.04],[-106.25,35.22],[-106.25,35.3],[-106.25,35.76]]]}},{"type":"Feature","properties":{"fips":"35033"},"geometry":{"type":"Polygon","coordinates":[[[-105.72,35.98],[-105.65,35.96],[-105.63,35.98],[-105.57,35.97],[-105.53,36.01],[-105.49,36.04],[-105.42,36.13],[-105.42,36.17],[-105.4,36.19],[-105.41,36.24],[-105.34,36.26],[-104.87,36.26],[-104.87,36.22],[-104.44,36.22],[-104.44,36.19],[-104.4,36.16],[-104.41,36.12],[-104.37,36.07],[-104.36,35.98],[-104.33,35.96],[-104.35,35.94],[-104.34,35.91],[-104.39,35.86],[-104.37,35.78],[-104.75,35.78],[-105.01,35.77],[-105.02,35.75],[-105.11,35.81],[-105.35,35.87],[-105.72,35.87],[-105.72,35.98]]]}},{"type":"Feature","properties":{"fips":"32013"},"geometry":{"type":"Polygon","coordinates":[[[-119.32,41.99],[-118.7,41.99],[-118.2,42],[-117.62,42],[-117.03,42],[-117.02,42],[-117.02,41],[-117.02,40.64],[-117.25,40.64],[-117.3,40.53],[-117.3,40.68],[-117.64,40.68],[-117.64,40.86],[-118.44,40.86],[-118.79,40.86],[-118.79,40.96],[-119.31,40.96],[-119.33,40.96],[-119.33,41.23],[-119.31,41.23],[-119.3,41.41],[-119.32,41.41],[-119.33,41.59],[-119.32,41.99]]]}},{"type":"Feature","properties":{"fips":"56033"},"geometry":{"type":"Polygon","coordinates":[[[-107.91,45],[-107.14,45],[-107.09,45],[-106.26,44.99],[-106.03,44.99],[-106.02,44.86],[-106.02,44.71],[-106.01,44.56],[-106.43,44.56],[-106.55,44.56],[-107.37,44.56],[-107.38,44.59],[-107.47,44.61],[-107.53,44.67],[-107.62,44.7],[-107.67,44.68],[-107.68,44.7],[-107.75,44.72],[-107.75,44.77],[-107.83,44.8],[-107.82,44.81],[-107.86,44.87],[-107.85,44.91],[-107.88,44.94],[-107.89,44.99],[-107.91,45]]]}},{"type":"Feature","properties":{"fips":"49021"},"geometry":{"type":"Polygon","coordinates":[[[-114.05,38.15],[-113.26,38.15],[-112.48,38.15],[-112.48,37.98],[-112.47,37.98],[-112.47,37.89],[-112.59,37.89],[-112.58,37.88],[-112.58,37.8],[-112.69,37.81],[-112.68,37.54],[-112.9,37.54],[-112.9,37.5],[-113.04,37.5],[-113.04,37.47],[-113.26,37.48],[-113.26,37.53],[-113.47,37.53],[-113.47,37.62],[-113.59,37.62],[-113.59,37.6],[-114.05,37.6],[-114.05,37.77],[-114.05,38],[-114.05,38.15]]]}},{"type":"Feature","properties":{"fips":"49003"},"geometry":{"type":"Polygon","coordinates":[[[-114.04,41.99],[-113.82,41.99],[-113,42],[-112.19,42],[-112.16,42],[-112.12,41.93],[-112.05,41.87],[-112.01,41.79],[-112.05,41.7],[-112.02,41.66],[-112.01,41.59],[-111.98,41.53],[-111.94,41.55],[-111.91,41.53],[-111.88,41.47],[-111.92,41.46],[-111.88,41.43],[-111.92,41.41],[-111.97,41.42],[-111.96,41.37],[-112.03,41.34],[-112.24,41.34],[-112.49,41.08],[-112.8,41],[-113.2,41],[-114.04,41],[-114.04,41.99]]]}},{"type":"Feature","properties":{"fips":"06039"},"geometry":{"type":"Polygon","coordinates":[[[-120.54,37.04],[-120.48,37.1],[-120.23,37.16],[-120.11,37.17],[-120.05,37.18],[-119.76,37.42],[-119.65,37.42],[-119.65,37.46],[-119.62,37.46],[-119.62,37.49],[-119.58,37.49],[-119.58,37.56],[-119.31,37.78],[-119.27,37.74],[-119.22,37.71],[-119.2,37.74],[-119.12,37.73],[-119.07,37.68],[-119.03,37.63],[-119.02,37.59],[-119.31,37.35],[-119.34,37.31],[-119.33,37.21],[-119.39,37.15],[-119.43,37.16],[-119.48,37.11],[-119.49,37.14],[-119.53,37.13],[-119.55,37.14],[-119.57,37.12],[-119.54,37.11],[-119.56,37.07],[-119.6,37.07],[-119.62,37.03],[-119.65,37.04],[-119.67,37.01],[-119.7,37],[-119.74,36.97],[-119.73,36.95],[-119.79,36.9],[-119.81,36.85],[-119.88,36.86],[-119.94,36.83],[-119.99,36.84],[-120.03,36.81],[-120.08,36.83],[-120.23,36.77],[-120.37,36.78],[-120.37,36.81],[-120.46,36.86],[-120.45,36.91],[-120.51,37.01],[-120.54,37.04]]]}},{"type":"Feature","properties":{"fips":"08051"},"geometry":{"type":"Polygon","coordinates":[[[-107.63,38.3],[-107.5,38.3],[-107.5,38.67],[-107.5,39.22],[-107.45,39.23],[-107.43,39.26],[-107.39,39.26],[-107.37,39.24],[-107.38,39.2],[-107.35,39.17],[-107.3,39.15],[-107.28,39.12],[-107.07,39.12],[-107,39.07],[-107,39.04],[-106.91,38.99],[-106.86,39.01],[-106.85,38.99],[-106.8,38.98],[-106.75,39.04],[-106.69,39.06],[-106.65,39.04],[-106.6,39],[-106.56,39],[-106.47,38.91],[-106.42,38.92],[-106.32,38.9],[-106.35,38.86],[-106.42,38.81],[-106.42,38.72],[-106.45,38.7],[-106.43,38.66],[-106.37,38.62],[-106.35,38.56],[-106.33,38.49],[-106.25,38.42],[-107,38.43],[-107,38.15],[-107.57,38.15],[-107.56,38.16],[-107.59,38.25],[-107.63,38.3]]]}},{"type":"Feature","properties":{"fips":"08023"},"geometry":{"type":"Polygon","coordinates":[[[-105.74,37.36],[-105.5,37.56],[-105.48,37.58],[-105.44,37.61],[-105.4,37.61],[-105.37,37.64],[-105.3,37.66],[-105.24,37.62],[-105.19,37.62],[-105.22,37.58],[-105.18,37.55],[-105.18,37.46],[-105.16,37.46],[-105.13,37.41],[-105.16,37.39],[-105.16,37.29],[-105.15,37.29],[-105.15,37],[-105.22,37],[-105.72,37],[-105.77,37.04],[-105.74,37.1],[-105.75,37.14],[-105.73,37.18],[-105.75,37.25],[-105.72,37.29],[-105.75,37.34],[-105.74,37.36]]]}},{"type":"Feature","properties":{"fips":"08123"},"geometry":{"type":"MultiPolygon","coordinates":[[[[-104.98,40.03],[-104.98,40.03],[-104.98,40.03],[-104.98,40.03]]],[[[-104.94,41],[-104.5,41],[-104.05,41],[-103.57,41],[-103.57,40.7],[-103.58,40.7],[-103.58,40.52],[-104.15,40.52],[-104.15,40],[-104.49,40],[-104.96,40],[-104.96,40.04],[-105,40.03],[-104.99,40.01],[-105.05,40],[-105.06,40],[-105.05,40.26],[-105.06,40.35],[-104.95,40.35],[-104.95,40.6],[-104.94,40.68],[-104.94,41]]]]}},{"type":"Feature","properties":{"fips":"04003"},"geometry":{"type":"Polygon","coordinates":[[[-110.45,31.73],[-110.45,32.25],[-110.45,32.43],[-110.17,32.43],[-109.23,32.42],[-109.11,32.43],[-109.05,32.43],[-109.05,31.33],[-109.28,31.33],[-110,31.33],[-110.46,31.33],[-110.46,31.47],[-110.46,31.61],[-110.45,31.61],[-110.45,31.73]]]}},{"type":"Feature","properties":{"fips":"06111"},"geometry":{"type":"MultiPolygon","coordinates":[[[[-119.43,34.03],[-119.4,34.01],[-119.36,34.03],[-119.36,34],[-119.43,34],[-119.46,34.02],[-119.43,34.03]]],[[[-119.48,34.38],[-119.45,34.4],[-119.44,34.46],[-119.44,34.9],[-119.38,34.9],[-119.38,34.88],[-119.28,34.88],[-119.28,34.86],[-119.24,34.86],[-119.24,34.81],[-118.98,34.81],[-118.98,34.79],[-118.88,34.79],[-118.65,34.32],[-118.63,34.24],[-118.67,34.24],[-118.67,34.17],[-118.79,34.17],[-118.94,34.08],[-118.94,34.05],[-119.09,34.1],[-119.13,34.1],[-119.22,34.15],[-119.28,34.27],[-119.31,34.28],[-119.37,34.32],[-119.39,34.32],[-119.46,34.37],[-119.48,34.38]]],[[[-119.58,33.28],[-119.53,33.29],[-119.46,33.25],[-119.43,33.23],[-119.48,33.22],[-119.55,33.23],[-119.58,33.28]]]]}},{"type":"Feature","properties":{"fips":"06059"},"geometry":{"type":"Polygon","coordinates":[[[-118.11,33.74],[-118.09,33.76],[-118.09,33.8],[-118.03,33.87],[-117.98,33.91],[-117.98,33.95],[-117.78,33.95],[-117.67,33.87],[-117.58,33.77],[-117.54,33.76],[-117.53,33.71],[-117.48,33.7],[-117.41,33.66],[-117.51,33.53],[-117.51,33.5],[-117.51,33.47],[-117.58,33.45],[-117.59,33.39],[-117.63,33.43],[-117.68,33.46],[-117.72,33.46],[-117.78,33.54],[-117.88,33.59],[-117.93,33.61],[-118,33.65],[-118.06,33.71],[-118.11,33.74]]]}},{"type":"Feature","properties":{"fips":"08071"},"geometry":{"type":"Polygon","coordinates":[[[-105.15,37.29],[-105.11,37.3],[-105,37.37],[-104.93,37.4],[-104.88,37.39],[-104.75,37.41],[-104.69,37.44],[-104.69,37.5],[-104.66,37.5],[-104.56,37.57],[-104.54,37.62],[-104.46,37.74],[-104.35,37.82],[-104.06,37.73],[-104.06,37.64],[-103.41,37.64],[-103.08,37.64],[-103.08,37.38],[-103.08,37.38],[-103.09,37],[-104.01,37],[-104.34,36.99],[-105,36.99],[-105.15,37],[-105.15,37.29]]]}},{"type":"Feature","properties":{"fips":"06029"},"geometry":{"type":"Polygon","coordinates":[[[-120.19,35.79],[-119.54,35.79],[-118.8,35.79],[-118.38,35.79],[-118.07,35.79],[-118.01,35.79],[-117.92,35.79],[-117.92,35.8],[-117.63,35.8],[-117.63,35.71],[-117.65,35.68],[-117.62,35.68],[-117.63,35.65],[-117.63,35.45],[-117.63,34.82],[-117.67,34.82],[-118.33,34.82],[-118.85,34.82],[-118.88,34.79],[-118.98,34.79],[-118.98,34.81],[-119.24,34.81],[-119.24,34.86],[-119.28,34.86],[-119.28,34.88],[-119.38,34.88],[-119.38,34.9],[-119.44,34.9],[-119.47,34.9],[-119.47,35.08],[-119.49,35.09],[-119.56,35.09],[-119.55,35.18],[-119.67,35.17],[-119.67,35.26],[-119.81,35.26],[-119.81,35.35],[-119.88,35.35],[-119.88,35.44],[-120,35.44],[-120.03,35.5],[-120.09,35.53],[-120.09,35.61],[-120.19,35.61],[-120.19,35.79]]]}},{"type":"Feature","properties":{"fips":"08107"},"geometry":{"type":"Polygon","coordinates":[[[-107.32,41],[-106.86,41],[-106.87,40.97],[-106.85,40.92],[-106.8,40.9],[-106.78,40.91],[-106.73,40.87],[-106.69,40.89],[-106.64,40.81],[-106.67,40.74],[-106.67,40.7],[-106.7,40.62],[-106.7,40.58],[-106.65,40.51],[-106.65,40.45],[-106.65,40.34],[-106.63,40.34],[-106.64,40],[-106.63,39.92],[-106.65,39.92],[-107.03,39.92],[-107.03,40],[-107.04,40.09],[-107.04,40.23],[-107.44,40.22],[-107.44,40.33],[-107.43,40.33],[-107.43,40.54],[-107.37,40.54],[-107.37,40.6],[-107.31,40.6],[-107.32,41]]]}},{"type":"Feature","properties":{"fips":"06013"},"geometry":{"type":"Polygon","coordinates":[[[-122.27,38.06],[-122.19,38.05],[-122.14,38.03],[-122.06,38.06],[-121.98,38.07],[-121.93,38.05],[-121.86,38.07],[-121.83,38.03],[-121.79,38.02],[-121.74,38.03],[-121.68,38.06],[-121.66,38.1],[-121.58,38.09],[-121.59,38.04],[-121.56,38.02],[-121.58,37.98],[-121.56,37.93],[-121.58,37.86],[-121.54,37.85],[-121.56,37.82],[-121.96,37.72],[-122.01,37.75],[-122,37.76],[-122.05,37.8],[-122.14,37.8],[-122.18,37.82],[-122.22,37.88],[-122.27,37.91],[-122.31,37.9],[-122.38,37.91],[-122.43,37.96],[-122.4,37.96],[-122.37,37.98],[-122.37,38.01],[-122.3,38.01],[-122.27,38.06]]]}},{"type":"Feature","properties":{"fips":"56027"},"geometry":{"type":"Polygon","coordinates":[[[-104.9,43.5],[-104.06,43.5],[-104.06,43.48],[-104.05,43.3],[-104.05,43],[-104.05,42.61],[-104.66,42.61],[-104.89,42.61],[-104.89,42.78],[-104.9,42.79],[-104.9,43.5]]]}},{"type":"Feature","properties":{"fips":"35043"},"geometry":{"type":"MultiPolygon","coordinates":[[[[-106.25,35.86],[-106.25,35.84],[-106.25,35.86],[-106.25,35.86]]],[[[-107.62,36.22],[-107.3,36.21],[-106.88,36.22],[-106.88,36],[-106.25,36],[-106.25,35.97],[-106.3,35.97],[-106.32,35.95],[-106.4,35.96],[-106.4,35.83],[-106.41,35.81],[-106.36,35.82],[-106.28,35.79],[-106.25,35.76],[-106.25,35.3],[-106.25,35.22],[-106.6,35.22],[-106.64,35.2],[-106.66,35.22],[-107.2,35.22],[-107.24,35.31],[-107.31,35.31],[-107.31,36],[-107.63,36],[-107.62,36.22]]]]}},{"type":"Feature","properties":{"fips":"35037"},"geometry":{"type":"Polygon","coordinates":[[[-104.12,35.14],[-103.86,35.26],[-103.86,35.24],[-103.64,35.24],[-103.64,35.39],[-103.39,35.39],[-103.38,35.4],[-103.38,35.65],[-103.37,35.74],[-103.04,35.74],[-103.04,35.62],[-103.04,35.18],[-103.04,34.95],[-103.28,34.95],[-103.28,34.86],[-103.39,34.87],[-103.39,34.78],[-103.5,34.78],[-103.5,34.69],[-103.71,34.69],[-103.71,34.61],[-103.74,34.6],[-103.95,34.61],[-104.13,34.61],[-104.13,34.78],[-104.12,35.14]]]}},{"type":"Feature","properties":{"fips":"35013"},"geometry":{"type":"Polygon","coordinates":[[[-107.3,32.61],[-107.3,32.78],[-106.89,32.78],[-106.89,32.82],[-106.34,33.05],[-106.34,32.96],[-106.38,32.96],[-106.38,32],[-106.62,32],[-106.62,31.91],[-106.65,31.9],[-106.64,31.87],[-106.6,31.84],[-106.6,31.82],[-106.55,31.81],[-106.53,31.78],[-107.3,31.78],[-107.3,32.22],[-107.3,32.61]]]}},{"type":"Feature","properties":{"fips":"49047"},"geometry":{"type":"Polygon","coordinates":[[[-109.98,39.81],[-109.98,40.81],[-109.87,40.76],[-109.77,40.78],[-109.75,40.8],[-109.68,40.79],[-109.63,40.82],[-109.57,40.81],[-109.53,40.83],[-109.51,40.75],[-109.48,40.74],[-109.39,40.79],[-109.39,40.86],[-109.2,40.86],[-109.2,40.79],[-109.16,40.79],[-109.16,40.68],[-109.12,40.66],[-109.05,40.66],[-109.05,40.5],[-109.05,40.22],[-109.05,39.66],[-109.05,39.5],[-109.09,39.49],[-109.11,39.46],[-110.02,39.47],[-110.01,39.49],[-110.04,39.57],[-109.99,39.66],[-109.99,39.7],[-109.93,39.75],[-109.92,39.79],[-109.88,39.81],[-109.98,39.81]]]}},{"type":"Feature","properties":{"fips":"06031"},"geometry":{"type":"Polygon","coordinates":[[[-120.32,35.91],[-119.96,36.18],[-119.96,36.4],[-119.76,36.4],[-119.75,36.42],[-119.67,36.43],[-119.67,36.42],[-119.57,36.49],[-119.53,36.49],[-119.53,36.4],[-119.48,36.4],[-119.48,36.27],[-119.53,36.27],[-119.54,36.14],[-119.54,35.79],[-120.19,35.79],[-120.21,35.79],[-120.22,35.82],[-120.26,35.85],[-120.24,35.87],[-120.28,35.91],[-120.32,35.91]]]}},{"type":"Feature","properties":{"fips":"06045"},"geometry":{"type":"Polygon","coordinates":[[[-124.02,40],[-123.55,40],[-123.55,39.98],[-122.94,39.98],[-122.92,39.92],[-122.95,39.91],[-122.96,39.84],[-122.94,39.8],[-122.94,39.75],[-122.91,39.75],[-122.89,39.71],[-122.89,39.58],[-122.89,39.53],[-122.94,39.52],[-123.03,39.52],[-123.06,39.5],[-123.08,39.41],[-123.04,39.34],[-123.02,39.32],[-123.02,39.28],[-123,39.24],[-123.05,39.17],[-123.08,39.17],[-123.09,39.07],[-123.06,39.06],[-123.06,39.02],[-123.03,39],[-122.99,39],[-122.97,38.93],[-122.95,38.9],[-122.89,38.9],[-122.9,38.88],[-122.82,38.85],[-123.08,38.85],[-123.14,38.84],[-123.14,38.81],[-123.37,38.81],[-123.37,38.78],[-123.5,38.78],[-123.53,38.77],[-123.65,38.85],[-123.74,38.95],[-123.69,39.02],[-123.69,39.06],[-123.74,39.17],[-123.8,39.27],[-123.83,39.36],[-123.81,39.45],[-123.77,39.56],[-123.79,39.6],[-123.79,39.66],[-123.84,39.74],[-123.85,39.83],[-123.91,39.86],[-123.93,39.91],[-124.02,40]]]}},{"type":"Feature","properties":{"fips":"08035"},"geometry":{"type":"Polygon","coordinates":[[[-105.05,39.57],[-104.66,39.57],[-104.66,39.13],[-105.03,39.13],[-105.33,39.13],[-105.23,39.25],[-105.16,39.36],[-105.17,39.41],[-105.12,39.43],[-105.14,39.47],[-105.09,39.5],[-105.05,39.57]]]}},{"type":"Feature","properties":{"fips":"08103"},"geometry":{"type":"Polygon","coordinates":[[[-109.05,40.22],[-108.62,40.22],[-107.44,40.22],[-107.04,40.23],[-107.04,40.09],[-107.32,40.09],[-107.32,39.92],[-107.43,39.92],[-107.43,39.83],[-107.7,39.83],[-107.94,39.83],[-107.94,39.69],[-108.55,39.69],[-108.55,39.65],[-108.89,39.65],[-108.89,39.66],[-109.05,39.66],[-109.05,40.22]]]}},{"type":"Feature","properties":{"fips":"06097"},"geometry":{"type":"Polygon","coordinates":[[[-123.53,38.77],[-123.5,38.78],[-123.37,38.78],[-123.37,38.81],[-123.14,38.81],[-123.14,38.84],[-123.08,38.85],[-122.82,38.85],[-122.75,38.8],[-122.69,38.71],[-122.65,38.71],[-122.63,38.67],[-122.64,38.6],[-122.62,38.56],[-122.54,38.52],[-122.53,38.47],[-122.48,38.45],[-122.5,38.42],[-122.45,38.38],[-122.46,38.37],[-122.39,38.3],[-122.4,38.28],[-122.37,38.25],[-122.35,38.19],[-122.37,38.16],[-122.41,38.16],[-122.4,38.14],[-122.44,38.12],[-122.49,38.11],[-122.57,38.19],[-122.65,38.18],[-122.74,38.21],[-122.91,38.32],[-122.97,38.32],[-123,38.3],[-123.06,38.3],[-123.07,38.36],[-123.13,38.45],[-123.2,38.49],[-123.25,38.51],[-123.33,38.57],[-123.46,38.72],[-123.53,38.77]]]}},{"type":"Feature","properties":{"fips":"06115"},"geometry":{"type":"Polygon","coordinates":[[[-121.63,39.3],[-121.61,39.32],[-121.56,39.31],[-121.49,39.32],[-121.47,39.33],[-121.41,39.34],[-121.37,39.36],[-121.33,39.43],[-121.34,39.46],[-121.31,39.48],[-121.31,39.52],[-121.24,39.51],[-121.24,39.53],[-121.16,39.52],[-121.15,39.56],[-121.11,39.57],[-121.08,39.6],[-121.01,39.64],[-121.03,39.56],[-121.06,39.54],[-121.03,39.51],[-121.02,39.39],[-121.08,39.39],[-121.13,39.38],[-121.21,39.32],[-121.22,39.28],[-121.27,39.27],[-121.28,39.23],[-121.28,39.03],[-121.31,39.05],[-121.37,39.03],[-121.41,39],[-121.49,38.99],[-121.54,38.97],[-121.58,38.92],[-121.61,39.06],[-121.59,39.09],[-121.62,39.18],[-121.61,39.23],[-121.64,39.26],[-121.63,39.3]]]}},{"type":"Feature","properties":{"fips":"49053"},"geometry":{"type":"Polygon","coordinates":[[[-114.05,37.6],[-113.59,37.6],[-113.59,37.62],[-113.47,37.62],[-113.47,37.53],[-113.26,37.53],[-113.26,37.48],[-113.04,37.47],[-113.04,37.5],[-112.9,37.5],[-112.9,37],[-113.33,37],[-114.05,37],[-114.05,37.6]]]}},{"type":"Feature","properties":{"fips":"06047"},"geometry":{"type":"Polygon","coordinates":[[[-121.23,37.13],[-120.96,37.35],[-120.98,37.4],[-120.39,37.63],[-120.28,37.46],[-120.26,37.4],[-120.18,37.29],[-120.18,37.26],[-120.09,37.22],[-120.05,37.18],[-120.11,37.17],[-120.23,37.16],[-120.48,37.1],[-120.54,37.04],[-120.6,37],[-120.59,36.95],[-120.66,36.95],[-120.92,36.74],[-120.93,36.75],[-121.14,36.84],[-121.15,36.87],[-121.2,36.91],[-121.23,36.93],[-121.22,36.96],[-121.24,36.98],[-121.24,37.03],[-121.21,37.07],[-121.24,37.09],[-121.23,37.13]]]}},{"type":"Feature","properties":{"fips":"32031"},"geometry":{"type":"Polygon","coordinates":[[[-120.01,39.32],[-120,39.45],[-120,39.72],[-120,39.73],[-120,40.07],[-120,40.72],[-120,40.75],[-120,41.18],[-120,41.99],[-120,42],[-119.89,42],[-119.36,41.99],[-119.32,41.99],[-119.33,41.59],[-119.32,41.41],[-119.3,41.41],[-119.31,41.23],[-119.33,41.23],[-119.33,40.96],[-119.31,40.96],[-119.31,40.52],[-119.34,40.52],[-119.34,40],[-119.22,40],[-119.23,39.9],[-119.21,39.9],[-119.21,39.81],[-119.17,39.79],[-119.17,39.68],[-119.19,39.65],[-119.26,39.65],[-119.29,39.62],[-119.37,39.59],[-119.47,39.58],[-119.47,39.57],[-119.53,39.57],[-119.58,39.55],[-119.62,39.51],[-119.69,39.52],[-119.7,39.45],[-119.65,39.45],[-119.66,39.4],[-119.69,39.39],[-119.66,39.33],[-119.68,39.33],[-119.68,39.28],[-119.71,39.25],[-119.75,39.24],[-119.77,39.22],[-119.83,39.21],[-119.88,39.17],[-120,39.17],[-120.01,39.32]]]}},{"type":"Feature","properties":{"fips":"06107"},"geometry":{"type":"Polygon","coordinates":[[[-118.36,36.74],[-118.33,36.71],[-118.37,36.69],[-118.32,36.63],[-118.29,36.6],[-118.29,36.56],[-118.25,36.53],[-118.24,36.48],[-118.21,36.43],[-118.14,36.42],[-118.16,36.39],[-118.1,36.34],[-118.13,36.3],[-118.1,36.21],[-118.06,36.16],[-118.07,36.1],[-118.05,36.08],[-118.03,36.01],[-118.01,35.99],[-118.02,35.96],[-117.99,35.94],[-117.98,35.87],[-118,35.86],[-118.01,35.79],[-118.07,35.79],[-118.38,35.79],[-118.8,35.79],[-119.54,35.79],[-119.54,36.14],[-119.53,36.27],[-119.48,36.27],[-119.48,36.4],[-119.53,36.4],[-119.53,36.49],[-119.57,36.49],[-119.46,36.58],[-119.31,36.57],[-119.3,36.66],[-118.98,36.66],[-118.98,36.74],[-118.36,36.74]]]}},{"type":"Feature","properties":{"fips":"06067"},"geometry":{"type":"Polygon","coordinates":[[[-121.59,38.31],[-121.58,38.33],[-121.52,38.36],[-121.53,38.43],[-121.5,38.44],[-121.51,38.47],[-121.54,38.48],[-121.55,38.51],[-121.52,38.52],[-121.51,38.6],[-121.55,38.6],[-121.56,38.64],[-121.59,38.64],[-121.63,38.69],[-121.6,38.74],[-121.49,38.73],[-121.14,38.71],[-121.12,38.72],[-121.03,38.51],[-121.03,38.3],[-121.07,38.3],[-121.17,38.26],[-121.22,38.24],[-121.27,38.25],[-121.35,38.23],[-121.41,38.23],[-121.43,38.25],[-121.48,38.25],[-121.53,38.19],[-121.54,38.15],[-121.59,38.12],[-121.58,38.09],[-121.66,38.1],[-121.68,38.06],[-121.74,38.03],[-121.79,38.02],[-121.83,38.03],[-121.86,38.07],[-121.8,38.06],[-121.74,38.09],[-121.71,38.09],[-121.69,38.16],[-121.61,38.2],[-121.59,38.31]]]}},{"type":"Feature","properties":{"fips":"06095"},"geometry":{"type":"Polygon","coordinates":[[[-122.41,38.16],[-122.2,38.16],[-122.21,38.18],[-122.19,38.21],[-122.22,38.26],[-122.19,38.27],[-122.21,38.32],[-122.06,38.32],[-122.09,38.38],[-122.13,38.43],[-122.1,38.51],[-122.06,38.52],[-122.01,38.49],[-121.94,38.53],[-121.86,38.54],[-121.79,38.52],[-121.74,38.54],[-121.69,38.53],[-121.69,38.31],[-121.59,38.31],[-121.61,38.2],[-121.69,38.16],[-121.71,38.09],[-121.74,38.09],[-121.8,38.06],[-121.86,38.07],[-121.93,38.05],[-121.98,38.07],[-122.06,38.06],[-122.14,38.03],[-122.19,38.05],[-122.27,38.06],[-122.3,38.11],[-122.4,38.14],[-122.41,38.16]]]}},{"type":"Feature","properties":{"fips":"35025"},"geometry":{"type":"Polygon","coordinates":[[[-103.82,32.97],[-103.76,32.97],[-103.76,33.4],[-103.72,33.4],[-103.72,33.57],[-103.51,33.57],[-103.05,33.57],[-103.06,33.39],[-103.06,33.26],[-103.07,32.96],[-103.07,32.52],[-103.07,32.09],[-103.07,32],[-103.33,32],[-103.72,32],[-103.72,32.52],[-103.82,32.52],[-103.82,32.97]]]}},{"type":"Feature","properties":{"fips":"08014"},"geometry":{"type":"MultiPolygon","coordinates":[[[[-105.09,39.96],[-105.11,39.96],[-105.09,39.96],[-105.09,39.96]]],[[[-105.15,39.91],[-105.11,39.96],[-105.09,39.96],[-105.05,40],[-104.99,40.01],[-105,40.03],[-104.96,40.04],[-104.96,40],[-104.99,39.97],[-105.01,39.98],[-105.01,39.92],[-105.05,39.91],[-105.07,39.9],[-105.15,39.91]],[[-105.08,39.96],[-105.08,39.96],[-105.08,39.96],[-105.08,39.96]],[[-104.98,40.03],[-104.98,40.03],[-104.98,40.03],[-104.98,40.03]]]]}},{"type":"Feature","properties":{"fips":"08031"},"geometry":{"type":"Polygon","coordinates":[[[-105.05,39.79],[-104.91,39.78],[-104.88,39.8],[-104.79,39.8],[-104.79,39.84],[-104.73,39.84],[-104.73,39.9],[-104.68,39.91],[-104.6,39.9],[-104.62,39.87],[-104.62,39.82],[-104.76,39.82],[-104.73,39.77],[-104.83,39.77],[-104.88,39.74],[-104.87,39.7],[-104.9,39.69],[-104.9,39.67],[-104.85,39.66],[-104.88,39.62],[-104.97,39.67],[-105.04,39.65],[-105.05,39.63],[-105.05,39.63],[-105.05,39.62],[-105.11,39.63],[-105.05,39.65],[-105.08,39.67],[-105.05,39.7],[-105.05,39.79]],[[-104.94,39.71],[-104.94,39.71],[-104.94,39.71],[-104.94,39.71]]]}},{"type":"Feature","properties":{"fips":"08013"},"geometry":{"type":"MultiPolygon","coordinates":[[[[-105.08,39.96],[-105.08,39.96],[-105.08,39.96],[-105.08,39.96]]],[[[-105.65,40.26],[-105.41,40.26],[-105.29,40.26],[-105.05,40.26],[-105.06,40],[-105.05,40],[-105.09,39.96],[-105.11,39.96],[-105.15,39.91],[-105.4,39.91],[-105.4,39.93],[-105.67,39.93],[-105.69,39.94],[-105.69,40.01],[-105.64,40.05],[-105.64,40.15],[-105.67,40.16],[-105.68,40.2],[-105.65,40.26]],[[-105.11,39.96],[-105.09,39.96],[-105.11,39.96],[-105.11,39.96]]]]}},{"type":"Feature","properties":{"fips":"08069"},"geometry":{"type":"Polygon","coordinates":[[[-106.19,41],[-105.72,41],[-105.28,41],[-104.94,41],[-104.94,40.68],[-104.95,40.6],[-104.95,40.35],[-105.06,40.35],[-105.05,40.26],[-105.29,40.26],[-105.41,40.26],[-105.65,40.26],[-105.69,40.3],[-105.77,40.36],[-105.81,40.42],[-105.81,40.47],[-105.85,40.49],[-105.87,40.52],[-105.91,40.52],[-105.91,40.57],[-105.95,40.64],[-106.05,40.8],[-106.13,40.87],[-106.14,40.9],[-106.19,40.94],[-106.19,41]]]}},{"type":"Feature","properties":{"fips":"08025"},"geometry":{"type":"Polygon","coordinates":[[[-104.05,38.52],[-103.61,38.52],[-103.5,38.52],[-103.51,38.34],[-103.5,38.27],[-103.51,38.17],[-103.62,38.17],[-103.62,38.11],[-103.84,38.11],[-103.85,38.12],[-103.97,38.13],[-103.99,38.15],[-104.06,38.15],[-104.05,38.52]]]}},{"type":"Feature","properties":{"fips":"08027"},"geometry":{"type":"Polygon","coordinates":[[[-105.8,38.27],[-105.05,38.26],[-105.05,37.92],[-105.09,37.96],[-105.13,37.95],[-105.15,38.01],[-105.19,38.01],[-105.24,37.96],[-105.27,37.91],[-105.32,37.94],[-105.41,37.89],[-105.47,37.9],[-105.51,37.94],[-105.56,37.95],[-105.6,38.01],[-105.63,38.07],[-105.66,38.09],[-105.67,38.16],[-105.79,38.24],[-105.8,38.27]]]}},{"type":"Feature","properties":{"fips":"08041"},"geometry":{"type":"Polygon","coordinates":[[[-105.03,39.13],[-104.66,39.13],[-104.05,39.13],[-104.06,38.87],[-104.05,38.52],[-104.57,38.52],[-104.94,38.52],[-104.94,38.65],[-104.94,38.8],[-105.07,38.8],[-105.07,38.87],[-105.03,38.87],[-105.03,39.13]]]}},{"type":"Feature","properties":{"fips":"08047"},"geometry":{"type":"Polygon","coordinates":[[[-105.67,39.93],[-105.4,39.93],[-105.4,39.91],[-105.4,39.75],[-105.5,39.76],[-105.63,39.84],[-105.69,39.85],[-105.7,39.89],[-105.67,39.93]]]}},{"type":"Feature","properties":{"fips":"08055"},"geometry":{"type":"Polygon","coordinates":[[[-105.46,37.75],[-105.46,37.8],[-105.43,37.8],[-105.43,37.85],[-105.47,37.9],[-105.41,37.89],[-105.32,37.94],[-105.27,37.91],[-105.24,37.96],[-105.19,38.01],[-105.15,38.01],[-105.13,37.95],[-105.09,37.96],[-105.05,37.92],[-105.01,37.88],[-104.65,37.9],[-104.35,37.82],[-104.46,37.74],[-104.54,37.62],[-104.56,37.57],[-104.66,37.5],[-104.69,37.5],[-104.69,37.44],[-104.75,37.41],[-104.88,37.39],[-104.93,37.4],[-105,37.37],[-105.11,37.3],[-105.15,37.29],[-105.16,37.29],[-105.16,37.39],[-105.13,37.41],[-105.16,37.46],[-105.18,37.46],[-105.18,37.55],[-105.22,37.58],[-105.19,37.62],[-105.24,37.62],[-105.3,37.66],[-105.37,37.64],[-105.4,37.61],[-105.44,37.61],[-105.48,37.58],[-105.5,37.6],[-105.48,37.67],[-105.48,37.71],[-105.46,37.75]]]}},{"type":"Feature","properties":{"fips":"32005"},"geometry":{"type":"Polygon","coordinates":[[[-120,39.11],[-119.76,39.11],[-119.75,39.08],[-119.55,39.09],[-119.31,39.08],[-119.31,38.99],[-119.4,38.98],[-119.42,38.95],[-119.42,38.82],[-119.4,38.81],[-119.41,38.73],[-119.35,38.73],[-119.35,38.65],[-119.33,38.65],[-119.33,38.53],[-119.59,38.71],[-119.91,38.93],[-120,39],[-120,39.07],[-120,39.11]]]}},{"type":"Feature","properties":{"fips":"49013"},"geometry":{"type":"Polygon","coordinates":[[[-110.9,40.68],[-110.89,40.73],[-110.8,40.71],[-110.75,40.75],[-110.66,40.74],[-110.62,40.77],[-110.61,40.76],[-110.52,40.76],[-110.48,40.78],[-110.37,40.79],[-110.34,40.82],[-110.29,40.83],[-110.16,40.82],[-110.1,40.81],[-110,40.81],[-109.98,40.81],[-109.98,39.81],[-110.52,39.81],[-110.52,39.81],[-110.86,39.81],[-110.86,39.9],[-110.89,39.9],[-110.9,40.08],[-110.9,40.43],[-110.9,40.43],[-110.9,40.68]]]}},{"type":"Feature","properties":{"fips":"49023"},"geometry":{"type":"Polygon","coordinates":[[[-114.05,39.91],[-113.25,39.9],[-112.34,39.9],[-112.34,39.94],[-112.27,39.94],[-112.22,39.99],[-112.18,40.01],[-112.11,39.97],[-112.1,39.93],[-112.05,39.89],[-112.08,39.87],[-112.07,39.83],[-112.09,39.78],[-112.05,39.78],[-111.97,39.81],[-111.91,39.89],[-111.83,39.92],[-111.83,39.95],[-111.74,39.86],[-111.77,39.81],[-111.64,39.81],[-111.62,39.78],[-111.59,39.78],[-111.59,39.74],[-111.72,39.69],[-111.71,39.46],[-111.75,39.46],[-111.75,39.38],[-111.92,39.38],[-111.96,39.37],[-111.96,39.34],[-112.02,39.34],[-112.02,39.31],[-112.07,39.33],[-112.19,39.33],[-112.19,39.49],[-112.21,39.55],[-112.89,39.55],[-113.82,39.55],[-113.82,39.54],[-114.05,39.54],[-114.05,39.91]]]}},{"type":"Feature","properties":{"fips":"06075"},"geometry":{"type":"MultiPolygon","coordinates":[[[[-122.33,37.79],[-122.33,37.78],[-122.33,37.79],[-122.33,37.79]]],[[[-122.39,37.71],[-122.5,37.71],[-122.52,37.78],[-122.47,37.8],[-122.41,37.81],[-122.39,37.79],[-122.36,37.72],[-122.39,37.71]]]]}},{"type":"Feature","properties":{"fips":"08091"},"geometry":{"type":"Polygon","coordinates":[[[-107.63,38.3],[-107.59,38.25],[-107.56,38.16],[-107.57,38.15],[-107.57,38.1],[-107.51,38.06],[-107.55,38],[-107.59,37.99],[-107.57,37.97],[-107.64,37.97],[-107.64,37.92],[-107.7,37.89],[-107.74,37.91],[-107.73,37.93],[-107.8,37.99],[-107.85,37.99],[-107.9,38.03],[-107.89,38.12],[-107.95,38.12],[-107.96,38.15],[-107.95,38.15],[-107.94,38.22],[-108.01,38.26],[-108.09,38.26],[-108.1,38.31],[-108.13,38.33],[-107.63,38.33],[-107.63,38.3]]]}},{"type":"Feature","properties":{"fips":"49027"},"geometry":{"type":"Polygon","coordinates":[[[-114.05,38.68],[-114.05,39.54],[-113.82,39.54],[-113.82,39.55],[-112.89,39.55],[-112.21,39.55],[-112.19,39.49],[-112.19,39.33],[-112.07,39.33],[-112.02,39.31],[-112.01,39.05],[-112.02,39],[-112.07,38.99],[-112.06,38.96],[-112.14,38.96],[-112.15,38.91],[-112.17,38.91],[-112.19,38.86],[-112.22,38.86],[-112.23,38.76],[-112.22,38.73],[-112.31,38.68],[-112.45,38.68],[-112.48,38.64],[-112.48,38.6],[-112.52,38.57],[-113.05,38.57],[-114.05,38.57],[-114.05,38.68]]]}},{"type":"Feature","properties":{"fips":"49041"},"geometry":{"type":"Polygon","coordinates":[[[-112.52,38.57],[-112.48,38.6],[-112.48,38.64],[-112.45,38.68],[-112.31,38.68],[-112.22,38.73],[-112.23,38.76],[-112.22,38.86],[-112.19,38.86],[-112.17,38.91],[-112.15,38.91],[-112.14,38.96],[-112.06,38.96],[-112.07,38.99],[-112.02,39],[-112.01,39.05],[-111.85,39.05],[-111.85,39.03],[-111.3,39.03],[-111.3,38.67],[-111.31,38.67],[-111.31,38.51],[-111.75,38.51],[-111.77,38.5],[-112.06,38.5],[-112.12,38.51],[-112.52,38.51],[-112.52,38.57]]]}},{"type":"Feature","properties":{"fips":"49045"},"geometry":{"type":"Polygon","coordinates":[[[-114.05,40.12],[-114.04,40.23],[-114.04,40.77],[-114.04,41],[-113.2,41],[-112.8,41],[-112.49,41.08],[-112.26,40.77],[-112.21,40.72],[-112.2,40.63],[-112.17,40.6],[-112.17,40.47],[-112.21,40.45],[-112.2,40.38],[-112.17,40.34],[-112.2,40.33],[-112.19,40.26],[-112.15,40.21],[-112.15,40.17],[-112.17,40.15],[-112.15,40.11],[-112.18,40.06],[-112.18,40.01],[-112.22,39.99],[-112.27,39.94],[-112.34,39.94],[-112.34,39.9],[-113.25,39.9],[-114.05,39.91],[-114.05,40.12]]]}},{"type":"Feature","properties":{"fips":"06043"},"geometry":{"type":"Polygon","coordinates":[[[-119.31,37.78],[-119.58,37.56],[-119.58,37.49],[-119.62,37.49],[-119.62,37.46],[-119.65,37.46],[-119.65,37.42],[-119.76,37.42],[-120.05,37.18],[-120.09,37.22],[-120.18,37.26],[-120.18,37.29],[-120.26,37.4],[-120.28,37.46],[-120.39,37.63],[-120.39,37.68],[-120.33,37.65],[-120.31,37.66],[-120.34,37.73],[-120.26,37.73],[-120.24,37.76],[-120.19,37.77],[-120.18,37.8],[-120.13,37.78],[-120.08,37.83],[-120.02,37.81],[-119.94,37.76],[-119.87,37.77],[-119.81,37.76],[-119.75,37.78],[-119.65,37.82],[-119.65,37.84],[-119.6,37.86],[-119.58,37.9],[-119.53,37.89],[-119.49,37.86],[-119.43,37.87],[-119.38,37.84],[-119.31,37.78]]]}},{"type":"Feature","properties":{"fips":"08017"},"geometry":{"type":"Polygon","coordinates":[[[-103.16,39.04],[-102.72,39.04],[-102.05,39.05],[-102.05,38.7],[-102.05,38.62],[-103.06,38.61],[-103.17,38.61],[-103.17,38.69],[-103.16,39.04]]]}},{"type":"Feature","properties":{"fips":"06041"},"geometry":{"type":"MultiPolygon","coordinates":[[[[-123,38.3],[-122.97,38.32],[-122.91,38.32],[-122.74,38.21],[-122.65,38.18],[-122.57,38.19],[-122.49,38.11],[-122.48,38.07],[-122.5,38.03],[-122.45,37.99],[-122.49,37.97],[-122.5,37.93],[-122.44,37.88],[-122.46,37.87],[-122.5,37.89],[-122.48,37.83],[-122.53,37.82],[-122.56,37.85],[-122.66,37.9],[-122.7,37.89],[-122.78,37.95],[-122.82,38],[-122.88,38.03],[-122.94,38.03],[-123.01,38],[-122.96,38.11],[-122.95,38.15],[-122.99,38.23],[-122.97,38.25],[-123,38.3]]]]}},{"type":"Feature","properties":{"fips":"08081"},"geometry":{"type":"Polygon","coordinates":[[[-109.05,40.66],[-109.05,41],[-108.18,41],[-107.92,41],[-107.32,41],[-107.31,40.6],[-107.37,40.6],[-107.37,40.54],[-107.43,40.54],[-107.43,40.33],[-107.44,40.33],[-107.44,40.22],[-108.62,40.22],[-109.05,40.22],[-109.05,40.5],[-109.05,40.66]]]}},{"type":"Feature","properties":{"fips":"06101"},"geometry":{"type":"Polygon","coordinates":[[[-121.91,39.3],[-121.63,39.31],[-121.63,39.3],[-121.64,39.26],[-121.61,39.23],[-121.62,39.18],[-121.59,39.09],[-121.61,39.06],[-121.58,38.92],[-121.54,38.97],[-121.49,38.99],[-121.41,39],[-121.41,38.93],[-121.47,38.93],[-121.47,38.75],[-121.49,38.73],[-121.6,38.74],[-121.59,38.76],[-121.69,38.76],[-121.72,38.8],[-121.72,38.85],[-121.75,38.87],[-121.78,38.86],[-121.82,38.88],[-121.8,38.92],[-121.84,38.92],[-121.82,38.99],[-121.82,39.03],[-121.85,39.07],[-121.89,39.07],[-121.94,39.18],[-121.93,39.2],[-121.95,39.24],[-121.91,39.3]]]}},{"type":"Feature","properties":{"fips":"35009"},"geometry":{"type":"Polygon","coordinates":[[[-103.74,34.6],[-103.71,34.61],[-103.71,34.69],[-103.5,34.69],[-103.5,34.78],[-103.39,34.78],[-103.39,34.87],[-103.28,34.86],[-103.28,34.95],[-103.04,34.95],[-103.04,34.75],[-103.04,34.31],[-103.04,34.3],[-103.74,34.3],[-103.74,34.6]]]}},{"type":"Feature","properties":{"fips":"32003"},"geometry":{"type":"Polygon","coordinates":[[[-115.9,36.84],[-115.74,36.84],[-115.74,36.85],[-114.76,36.85],[-114.76,36.84],[-114.05,36.84],[-114.05,36.63],[-114.04,36.39],[-114.05,36.19],[-114.07,36.18],[-114.15,36.02],[-114.24,36.01],[-114.31,36.06],[-114.31,36.08],[-114.37,36.14],[-114.42,36.15],[-114.5,36.13],[-114.51,36.15],[-114.57,36.15],[-114.62,36.13],[-114.63,36.14],[-114.67,36.12],[-114.76,36.09],[-114.73,36.02],[-114.74,35.99],[-114.7,35.9],[-114.67,35.88],[-114.7,35.85],[-114.71,35.81],[-114.69,35.76],[-114.71,35.71],[-114.68,35.69],[-114.69,35.65],[-114.66,35.62],[-114.66,35.53],[-114.68,35.5],[-114.67,35.45],[-114.63,35.41],[-114.6,35.35],[-114.57,35.2],[-114.57,35.14],[-114.65,35.1],[-114.61,35.08],[-114.63,35],[-115.16,35.42],[-115.41,35.63],[-115.65,35.81],[-115.85,35.96],[-115.85,36.17],[-115.9,36.17],[-115.9,36.84]]]}},{"type":"Feature","properties":{"fips":"08097"},"geometry":{"type":"Polygon","coordinates":[[[-107.43,39.37],[-107.11,39.37],[-106.43,39.36],[-106.43,39.32],[-106.49,39.31],[-106.48,39.27],[-106.51,39.17],[-106.56,39.16],[-106.56,39.12],[-106.59,39.09],[-106.58,39.06],[-106.6,39],[-106.65,39.04],[-106.69,39.06],[-106.75,39.04],[-106.8,38.98],[-106.85,38.99],[-106.86,39.01],[-106.91,38.99],[-107,39.04],[-107,39.07],[-107.07,39.12],[-107.28,39.12],[-107.3,39.15],[-107.35,39.17],[-107.38,39.2],[-107.37,39.24],[-107.39,39.26],[-107.38,39.27],[-107.47,39.31],[-107.43,39.37]]]}},{"type":"Feature","properties":{"fips":"06035"},"geometry":{"type":"Polygon","coordinates":[[[-121.33,41.18],[-120.88,41.18],[-120,41.18],[-120,40.75],[-120,40.72],[-120,40.07],[-120,39.73],[-120,39.72],[-120.02,39.71],[-120.15,39.71],[-120.11,39.79],[-120.11,39.94],[-120.16,39.97],[-120.2,40.01],[-120.21,40.09],[-120.25,40.11],[-120.34,40.12],[-120.41,40.15],[-120.46,40.21],[-120.48,40.21],[-120.51,40.25],[-120.58,40.26],[-120.58,40.29],[-120.62,40.29],[-120.65,40.31],[-120.76,40.32],[-120.8,40.28],[-120.87,40.24],[-120.87,40.2],[-120.93,40.19],[-120.95,40.22],[-121,40.22],[-121.06,40.26],[-121.06,40.45],[-121.33,40.45],[-121.32,40.91],[-121.33,40.91],[-121.33,41.18]]]}},{"type":"Feature","properties":{"fips":"08099"},"geometry":{"type":"Polygon","coordinates":[[[-102.74,38.27],[-102.05,38.27],[-102.05,38.26],[-102.04,37.74],[-102.04,37.64],[-102.75,37.64],[-102.75,37.82],[-102.74,37.82],[-102.74,38.27]]]}},{"type":"Feature","properties":{"fips":"56041"},"geometry":{"type":"Polygon","coordinates":[[[-111.05,41.25],[-111.04,41.58],[-110.58,41.58],[-110.05,41.58],[-110.05,41],[-110.24,41],[-110.71,41],[-111.05,41],[-111.05,41.25]]]}},{"type":"Feature","properties":{"fips":"08111"},"geometry":{"type":"Polygon","coordinates":[[[-107.86,37.78],[-107.8,37.82],[-107.78,37.87],[-107.74,37.91],[-107.7,37.89],[-107.64,37.92],[-107.64,37.97],[-107.57,37.97],[-107.53,37.94],[-107.52,37.9],[-107.54,37.87],[-107.52,37.83],[-107.47,37.81],[-107.46,37.78],[-107.48,37.77],[-107.48,37.64],[-107.97,37.64],[-107.97,37.7],[-107.87,37.72],[-107.86,37.78]]]}},{"type":"Feature","properties":{"fips":"06065"},"geometry":{"type":"Polygon","coordinates":[[[-114.44,34.08],[-114.44,34.03],[-114.54,33.93],[-114.51,33.91],[-114.5,33.86],[-114.53,33.86],[-114.53,33.82],[-114.5,33.76],[-114.5,33.7],[-114.53,33.69],[-114.54,33.59],[-114.53,33.55],[-114.56,33.53],[-114.62,33.46],[-114.63,33.43],[-115.44,33.43],[-115.47,33.43],[-116.08,33.43],[-117.03,33.43],[-117.24,33.43],[-117.24,33.45],[-117.37,33.49],[-117.36,33.5],[-117.51,33.5],[-117.51,33.53],[-117.41,33.66],[-117.48,33.7],[-117.53,33.71],[-117.54,33.76],[-117.58,33.77],[-117.67,33.87],[-117.66,33.92],[-117.61,33.93],[-117.61,33.97],[-117.56,33.99],[-117.56,34.03],[-117.38,34.03],[-117.37,34.02],[-117.22,34.02],[-117.21,34],[-116.93,34],[-116.93,34.03],[-116.51,34.03],[-115.32,34.03],[-115.32,34.08],[-114.44,34.08]]]}},{"type":"Feature","properties":{"fips":"56043"},"geometry":{"type":"Polygon","coordinates":[[[-108.55,44.17],[-107.72,44.17],[-107.15,44.17],[-107.13,44.17],[-107.13,43.82],[-107.11,43.82],[-107.11,43.5],[-107.53,43.5],[-107.59,43.5],[-107.59,43.65],[-107.72,43.65],[-107.72,43.73],[-107.96,43.73],[-107.96,43.82],[-108.18,43.82],[-108.19,43.85],[-108.31,43.85],[-108.31,43.9],[-108.43,43.9],[-108.43,43.99],[-108.49,43.99],[-108.49,44.08],[-108.55,44.08],[-108.55,44.17]]]}},{"type":"Feature","properties":{"fips":"32027"},"geometry":{"type":"Polygon","coordinates":[[[-119.31,40.96],[-118.79,40.96],[-118.79,40.86],[-118.44,40.86],[-117.64,40.86],[-117.64,40.68],[-117.3,40.68],[-117.3,40.53],[-117.54,40],[-118.24,40],[-119.22,40],[-119.34,40],[-119.34,40.52],[-119.31,40.52],[-119.31,40.96]]]}},{"type":"Feature","properties":{"fips":"06063"},"geometry":{"type":"Polygon","coordinates":[[[-121.5,40.45],[-121.33,40.45],[-121.06,40.45],[-121.06,40.26],[-121,40.22],[-120.95,40.22],[-120.93,40.19],[-120.87,40.2],[-120.87,40.24],[-120.8,40.28],[-120.76,40.32],[-120.65,40.31],[-120.62,40.29],[-120.58,40.29],[-120.58,40.26],[-120.51,40.25],[-120.48,40.21],[-120.46,40.21],[-120.41,40.15],[-120.34,40.12],[-120.25,40.11],[-120.21,40.09],[-120.2,40.01],[-120.16,39.97],[-120.11,39.94],[-120.11,39.79],[-120.15,39.71],[-120.64,39.71],[-120.68,39.68],[-120.75,39.72],[-120.79,39.71],[-120.81,39.74],[-120.87,39.78],[-120.93,39.74],[-120.95,39.67],[-121.01,39.64],[-121.08,39.6],[-121.14,39.63],[-121.17,39.69],[-121.21,39.7],[-121.28,39.78],[-121.35,39.83],[-121.36,39.86],[-121.41,39.87],[-121.41,39.96],[-121.42,40.02],[-121.37,40.09],[-121.41,40.12],[-121.4,40.15],[-121.44,40.15],[-121.44,40.2],[-121.41,40.19],[-121.37,40.21],[-121.35,40.28],[-121.38,40.3],[-121.34,40.31],[-121.38,40.34],[-121.47,40.35],[-121.5,40.45]]]}},{"type":"Feature","properties":{"fips":"56013"},"geometry":{"type":"Polygon","coordinates":[[[-110.05,44.01],[-110.03,44],[-110,43.95],[-109.86,43.95],[-109.87,43.93],[-109.82,43.89],[-109.82,43.86],[-109.86,43.85],[-109.85,43.82],[-109.79,43.8],[-109.73,43.83],[-109.67,43.85],[-109.67,43.87],[-109.63,43.93],[-109.56,43.95],[-109.51,43.94],[-109.48,43.95],[-109.4,43.88],[-109.37,43.84],[-109.31,43.81],[-109.24,43.76],[-109.17,43.7],[-109.17,43.62],[-108.93,43.62],[-108.93,43.6],[-108.82,43.6],[-108.82,43.58],[-108.69,43.58],[-108.7,43.53],[-108.57,43.53],[-108.57,43.5],[-108.46,43.5],[-108.46,43.47],[-108.34,43.47],[-108.34,43.46],[-108.15,43.46],[-108.15,43.47],[-107.59,43.47],[-107.59,43.5],[-107.53,43.5],[-107.52,43.47],[-107.52,43.13],[-107.5,43.13],[-107.5,42.78],[-107.54,42.78],[-107.54,42.43],[-107.52,42.43],[-107.52,42.26],[-108.44,42.26],[-109.04,42.26],[-109.04,42.43],[-109.07,42.43],[-109.07,42.69],[-109.13,42.69],[-109.13,42.74],[-109.2,42.77],[-109.24,42.77],[-109.21,42.79],[-109.32,42.86],[-109.37,42.95],[-109.4,42.94],[-109.5,43.01],[-109.55,43.01],[-109.55,43.06],[-109.59,43.12],[-109.65,43.17],[-109.67,43.23],[-109.69,43.26],[-109.67,43.31],[-109.7,43.33],[-109.69,43.37],[-109.76,43.37],[-109.76,43.46],[-110.05,43.46],[-110.05,43.81],[-110.05,44.01]]]}},{"type":"Feature","properties":{"fips":"32015"},"geometry":{"type":"Polygon","coordinates":[[[-117.54,40],[-117.3,40.53],[-117.25,40.64],[-117.02,40.64],[-117.02,41],[-116.59,41],[-116.6,40.95],[-116.59,40.32],[-116.6,40.07],[-116.59,39.4],[-116.6,39.16],[-117.33,39.16],[-117.77,39.09],[-117.81,39.15],[-117.72,39.21],[-117.72,39.25],[-117.76,39.35],[-117.75,39.39],[-117.7,39.39],[-117.67,39.42],[-117.64,39.43],[-117.66,39.47],[-117.59,39.5],[-117.59,39.52],[-117.49,39.55],[-117.48,39.6],[-117.46,39.63],[-117.49,39.64],[-117.47,39.68],[-117.49,39.75],[-117.49,39.83],[-117.46,39.89],[-117.47,39.92],[-117.54,40]]]}},{"type":"Feature","properties":{"fips":"32029"},"geometry":{"type":"Polygon","coordinates":[[[-119.29,39.62],[-119.48,39.34],[-119.65,39.27],[-119.71,39.25],[-119.68,39.28],[-119.68,39.33],[-119.66,39.33],[-119.69,39.39],[-119.66,39.4],[-119.65,39.45],[-119.7,39.45],[-119.69,39.52],[-119.62,39.51],[-119.58,39.55],[-119.53,39.57],[-119.47,39.57],[-119.47,39.58],[-119.37,39.59],[-119.29,39.62]]]}},{"type":"Feature","properties":{"fips":"35001"},"geometry":{"type":"Polygon","coordinates":[[[-107.2,35.22],[-106.66,35.22],[-106.64,35.2],[-106.6,35.22],[-106.25,35.22],[-106.25,35.04],[-106.25,34.95],[-106.15,34.95],[-106.15,34.87],[-106.41,34.87],[-106.43,34.9],[-106.69,34.91],[-106.72,34.87],[-107.02,34.87],[-107.07,34.96],[-107.2,35.22]]]}},{"type":"Feature","properties":{"fips":"56045"},"geometry":{"type":"Polygon","coordinates":[[[-105.08,44.18],[-104.38,44.18],[-104.06,44.18],[-104.06,44.14],[-104.06,43.85],[-104.06,43.5],[-104.9,43.5],[-105.08,43.5],[-105.08,43.5],[-105.08,43.97],[-105.08,44.18]]]}},{"type":"Feature","properties":{"fips":"08067"},"geometry":{"type":"Polygon","coordinates":[[[-107.97,37.64],[-107.48,37.64],[-107.48,37.42],[-107.48,37],[-108.25,37],[-108.38,37],[-108.33,37.05],[-108.31,37.13],[-108.29,37.15],[-108.29,37.22],[-108.25,37.25],[-108.22,37.29],[-108.2,37.36],[-108.1,37.39],[-108.08,37.44],[-108.03,37.46],[-108.04,37.52],[-108.02,37.59],[-107.97,37.64]]]}},{"type":"Feature","properties":{"fips":"35005"},"geometry":{"type":"Polygon","coordinates":[[[-105.32,33.13],[-105.11,33.13],[-104.91,33.14],[-104.9,33.31],[-104.88,33.31],[-104.89,33.4],[-104.89,33.82],[-104.9,33.82],[-104.89,34.09],[-104.79,34.09],[-104.78,34],[-104.32,34],[-104.16,34],[-104.16,34.08],[-103.94,34.08],[-103.84,34.08],[-103.84,33.82],[-103.72,33.82],[-103.72,33.66],[-103.51,33.66],[-103.51,33.57],[-103.72,33.57],[-103.72,33.4],[-103.76,33.4],[-103.76,32.97],[-103.82,32.97],[-104.84,32.96],[-104.84,32.52],[-104.85,32.52],[-105.36,32.52],[-105.35,32.96],[-105.32,32.96],[-105.32,33.13]]]}},{"type":"Feature","properties":{"fips":"06085"},"geometry":{"type":"Polygon","coordinates":[[[-122.11,37.47],[-122.05,37.46],[-121.95,37.47],[-121.93,37.45],[-121.87,37.48],[-121.47,37.48],[-121.47,37.42],[-121.46,37.4],[-121.41,37.38],[-121.42,37.36],[-121.41,37.31],[-121.46,37.28],[-121.46,37.25],[-121.42,37.21],[-121.39,37.15],[-121.36,37.18],[-121.33,37.17],[-121.28,37.18],[-121.23,37.13],[-121.24,37.09],[-121.21,37.07],[-121.24,37.03],[-121.24,36.98],[-121.22,36.96],[-121.42,36.96],[-121.45,36.99],[-121.49,36.98],[-121.56,36.9],[-121.58,36.9],[-121.58,36.92],[-121.65,36.93],[-121.76,37.05],[-121.86,37.1],[-121.89,37.11],[-121.99,37.14],[-122.03,37.19],[-122.09,37.22],[-122.15,37.29],[-122.19,37.32],[-122.17,37.33],[-122.2,37.36],[-122.19,37.43],[-122.16,37.45],[-122.11,37.47]]]}},{"type":"Feature","properties":{"fips":"08053"},"geometry":{"type":"Polygon","coordinates":[[[-107.57,38.15],[-107,38.15],[-107,37.96],[-107.07,37.96],[-107.14,37.94],[-107.15,37.68],[-107.12,37.67],[-107.13,37.42],[-107.48,37.42],[-107.48,37.64],[-107.48,37.77],[-107.46,37.78],[-107.47,37.81],[-107.52,37.83],[-107.54,37.87],[-107.52,37.9],[-107.53,37.94],[-107.57,37.97],[-107.59,37.99],[-107.55,38],[-107.51,38.06],[-107.57,38.1],[-107.57,38.15]]]}},{"type":"Feature","properties":{"fips":"06061"},"geometry":{"type":"Polygon","coordinates":[[[-121.41,39],[-121.37,39.03],[-121.31,39.05],[-121.28,39.03],[-121.19,39.01],[-121.14,39.04],[-121.1,39.01],[-121.04,39.01],[-120.99,39.08],[-120.98,39.11],[-120.91,39.17],[-120.87,39.18],[-120.86,39.21],[-120.8,39.23],[-120.73,39.29],[-120.65,39.31],[-120.01,39.32],[-120,39.17],[-120,39.11],[-120,39.07],[-120.14,39.07],[-120.18,39.03],[-120.24,39.02],[-120.43,39.03],[-120.47,38.97],[-120.51,38.93],[-120.57,38.91],[-120.64,38.94],[-120.73,39],[-120.81,39],[-120.86,38.95],[-120.94,38.96],[-120.94,38.94],[-121.04,38.92],[-121.06,38.85],[-121.1,38.82],[-121.1,38.79],[-121.14,38.71],[-121.49,38.73],[-121.47,38.75],[-121.47,38.93],[-121.41,38.93],[-121.41,39]]]}},{"type":"Feature","properties":{"fips":"08063"},"geometry":{"type":"Polygon","coordinates":[[[-103.15,39.57],[-102.8,39.57],[-102.05,39.57],[-102.05,39.57],[-102.05,39.3],[-102.05,39.13],[-102.05,39.05],[-102.72,39.04],[-103.16,39.04],[-103.15,39.13],[-103.15,39.57]]]}},{"type":"Feature","properties":{"fips":"35021"},"geometry":{"type":"Polygon","coordinates":[[[-104.44,36.22],[-104.01,36.22],[-104.01,36.17],[-103.79,36.17],[-103.79,36.09],[-103.37,36.09],[-103.37,36],[-103.37,35.74],[-103.38,35.65],[-103.38,35.4],[-103.39,35.39],[-103.64,35.39],[-103.64,35.42],[-103.72,35.42],[-103.98,35.8],[-104.02,35.78],[-104.37,35.78],[-104.39,35.86],[-104.34,35.91],[-104.35,35.94],[-104.33,35.96],[-104.36,35.98],[-104.37,36.07],[-104.41,36.12],[-104.4,36.16],[-104.44,36.19],[-104.44,36.22]]]}},{"type":"Feature","properties":{"fips":"49007"},"geometry":{"type":"Polygon","coordinates":[[[-111.25,39.81],[-110.86,39.81],[-110.52,39.81],[-110.52,39.81],[-109.98,39.81],[-109.88,39.81],[-109.92,39.79],[-109.93,39.75],[-109.99,39.7],[-109.99,39.66],[-110.04,39.57],[-110.01,39.49],[-110.02,39.47],[-110.5,39.47],[-111.08,39.47],[-111.08,39.52],[-111.12,39.55],[-111.13,39.61],[-111.16,39.6],[-111.19,39.62],[-111.22,39.69],[-111.25,39.7],[-111.25,39.81]]]}},{"type":"Feature","properties":{"fips":"49019"},"geometry":{"type":"Polygon","coordinates":[[[-110.02,39.47],[-109.11,39.46],[-109.09,39.49],[-109.05,39.5],[-109.05,39.37],[-109.05,38.91],[-109.06,38.72],[-109.06,38.5],[-109.48,38.5],[-110.02,38.5],[-110,38.52],[-109.99,38.57],[-110.05,38.58],[-110.05,38.6],[-110,38.59],[-110,38.62],[-110.05,38.61],[-110.04,38.65],[-110.09,38.67],[-110.09,38.71],[-110.12,38.71],[-110.09,38.75],[-110.11,38.78],[-110.1,38.81],[-110.14,38.83],[-110.16,38.89],[-110.14,38.97],[-110.07,38.98],[-110.04,38.95],[-110,38.95],[-110.04,38.99],[-110.1,38.99],[-110.16,39.03],[-110.15,39.08],[-110.1,39.14],[-110.11,39.15],[-110.08,39.23],[-110.05,39.23],[-110.08,39.28],[-110.04,39.35],[-110.01,39.42],[-110.02,39.47]]]}},{"type":"Feature","properties":{"fips":"32510"},"geometry":{"type":"Polygon","coordinates":[[[-120,39.17],[-119.88,39.17],[-119.83,39.21],[-119.77,39.22],[-119.75,39.24],[-119.71,39.25],[-119.68,39.21],[-119.65,39.2],[-119.56,39.19],[-119.57,39.14],[-119.55,39.09],[-119.75,39.08],[-119.76,39.11],[-120,39.11],[-120,39.17]]]}},{"type":"Feature","properties":{"fips":"32033"},"geometry":{"type":"Polygon","coordinates":[[[-115.84,40.13],[-115.5,40.13],[-114.53,40.12],[-114.05,40.12],[-114.05,39.91],[-114.05,39.54],[-114.05,38.68],[-115,38.68],[-115.91,39.16],[-115.91,39.46],[-115.87,39.47],[-115.84,39.51],[-115.83,39.57],[-115.81,39.59],[-115.83,39.73],[-115.81,39.76],[-115.81,39.82],[-115.8,39.85],[-115.8,39.91],[-115.83,40],[-115.83,40.05],[-115.84,40.13]]]}},{"type":"Feature","properties":{"fips":"56003"},"geometry":{"type":"Polygon","coordinates":[[[-108.62,45],[-108.25,45],[-107.91,45],[-107.89,44.99],[-107.88,44.94],[-107.85,44.91],[-107.86,44.87],[-107.82,44.81],[-107.83,44.8],[-107.75,44.77],[-107.75,44.72],[-107.68,44.7],[-107.67,44.68],[-107.62,44.7],[-107.53,44.67],[-107.47,44.61],[-107.38,44.59],[-107.37,44.56],[-107.29,44.5],[-107.3,44.46],[-107.24,44.44],[-107.2,44.45],[-107.2,44.4],[-107.16,44.37],[-107.19,44.35],[-107.15,44.32],[-107.15,44.17],[-107.72,44.17],[-108.55,44.17],[-108.57,44.17],[-108.57,44.52],[-108.59,44.52],[-108.59,44.87],[-108.62,44.87],[-108.62,45]]]}},{"type":"Feature","properties":{"fips":"06079"},"geometry":{"type":"Polygon","coordinates":[[[-121.35,35.8],[-121.12,35.79],[-120.21,35.79],[-120.19,35.79],[-120.19,35.61],[-120.09,35.61],[-120.09,35.53],[-120.03,35.5],[-120,35.44],[-119.88,35.44],[-119.88,35.35],[-119.81,35.35],[-119.81,35.26],[-119.67,35.26],[-119.67,35.17],[-119.55,35.18],[-119.56,35.09],[-119.49,35.09],[-119.47,35.08],[-119.47,34.9],[-119.54,34.9],[-119.62,34.95],[-119.67,34.97],[-119.75,34.97],[-119.83,35.01],[-119.86,35.03],[-119.93,35.06],[-119.97,35.06],[-120.09,35.11],[-120.13,35.1],[-120.13,35.1],[-120.17,35.08],[-120.18,35.04],[-120.21,35.02],[-120.26,35.03],[-120.26,35.03],[-120.34,35],[-120.29,34.95],[-120.3,34.91],[-120.43,34.99],[-120.5,34.99],[-120.62,34.96],[-120.65,34.97],[-120.63,35.06],[-120.63,35.12],[-120.7,35.17],[-120.75,35.18],[-120.76,35.16],[-120.86,35.21],[-120.9,35.25],[-120.86,35.36],[-120.87,35.4],[-120.91,35.45],[-121,35.46],[-121.1,35.55],[-121.17,35.64],[-121.25,35.66],[-121.31,35.71],[-121.32,35.75],[-121.35,35.8]]]}},{"type":"Feature","properties":{"fips":"06081"},"geometry":{"type":"Polygon","coordinates":[[[-122.5,37.71],[-122.39,37.71],[-122.35,37.62],[-122.36,37.59],[-122.26,37.57],[-122.17,37.5],[-122.14,37.51],[-122.11,37.47],[-122.16,37.45],[-122.19,37.43],[-122.2,37.36],[-122.17,37.33],[-122.19,37.32],[-122.15,37.29],[-122.15,37.22],[-122.24,37.22],[-122.24,37.19],[-122.32,37.19],[-122.29,37.11],[-122.34,37.12],[-122.34,37.14],[-122.4,37.2],[-122.42,37.25],[-122.4,37.36],[-122.44,37.44],[-122.45,37.48],[-122.49,37.49],[-122.52,37.52],[-122.52,37.58],[-122.49,37.64],[-122.5,37.71]]]}},{"type":"Feature","properties":{"fips":"08113"},"geometry":{"type":"Polygon","coordinates":[[[-109.04,38.15],[-108.91,38.16],[-107.96,38.15],[-107.95,38.12],[-107.89,38.12],[-107.9,38.03],[-107.85,37.99],[-107.8,37.99],[-107.73,37.93],[-107.74,37.91],[-107.78,37.87],[-107.8,37.82],[-107.86,37.78],[-107.99,37.86],[-108.09,37.84],[-108.11,37.86],[-108.14,37.83],[-108.21,37.82],[-108.26,37.89],[-108.82,37.9],[-108.82,37.88],[-109.04,37.88],[-109.04,38.15]]]}},{"type":"Feature","properties":{"fips":"32007"},"geometry":{"type":"Polygon","coordinates":[[[-117.02,42],[-116.37,42],[-115.32,42],[-115.04,42],[-114.81,42],[-114.6,41.99],[-114.28,41.99],[-114.04,41.99],[-114.04,41],[-114.04,40.77],[-114.04,40.23],[-114.05,40.12],[-114.53,40.12],[-115.5,40.13],[-115.84,40.13],[-116,40.13],[-116.16,40.67],[-116.16,41],[-116.59,41],[-117.02,41],[-117.02,42]]]}},{"type":"Feature","properties":{"fips":"06051"},"geometry":{"type":"Polygon","coordinates":[[[-119.64,38.33],[-119.61,38.37],[-119.62,38.39],[-119.56,38.41],[-119.54,38.5],[-119.62,38.6],[-119.62,38.67],[-119.59,38.71],[-119.33,38.53],[-119.16,38.41],[-119.08,38.36],[-118.86,38.2],[-118.43,37.9],[-118.05,37.63],[-117.83,37.47],[-118.78,37.46],[-118.8,37.49],[-118.85,37.48],[-118.92,37.55],[-118.98,37.56],[-119.02,37.59],[-119.03,37.63],[-119.07,37.68],[-119.12,37.73],[-119.2,37.74],[-119.22,37.71],[-119.27,37.74],[-119.2,37.79],[-119.22,37.85],[-119.21,37.9],[-119.3,37.94],[-119.32,37.97],[-119.31,38.03],[-119.35,38.08],[-119.43,38.11],[-119.45,38.1],[-119.5,38.15],[-119.51,38.14],[-119.63,38.2],[-119.6,38.24],[-119.65,38.28],[-119.64,38.33]]]}},{"type":"Feature","properties":{"fips":"06073"},"geometry":{"type":"Polygon","coordinates":[[[-117.59,33.39],[-117.58,33.45],[-117.51,33.47],[-117.51,33.5],[-117.36,33.5],[-117.37,33.49],[-117.24,33.45],[-117.24,33.43],[-117.03,33.43],[-116.08,33.43],[-116.08,33.07],[-116.1,33.07],[-116.1,32.62],[-117.12,32.53],[-117.14,32.62],[-117.17,32.67],[-117.2,32.69],[-117.25,32.67],[-117.26,32.73],[-117.25,32.79],[-117.28,32.82],[-117.25,32.87],[-117.28,33.01],[-117.33,33.12],[-117.36,33.17],[-117.5,33.33],[-117.59,33.39]]]}},{"type":"Feature","properties":{"fips":"06055"},"geometry":{"type":"Polygon","coordinates":[[[-122.63,38.67],[-122.47,38.7],[-122.4,38.8],[-122.37,38.82],[-122.39,38.86],[-122.35,38.84],[-122.29,38.84],[-122.22,38.7],[-122.17,38.66],[-122.13,38.58],[-122.1,38.51],[-122.13,38.43],[-122.09,38.38],[-122.06,38.32],[-122.21,38.32],[-122.19,38.27],[-122.22,38.26],[-122.19,38.21],[-122.21,38.18],[-122.2,38.16],[-122.41,38.16],[-122.37,38.16],[-122.35,38.19],[-122.37,38.25],[-122.4,38.28],[-122.39,38.3],[-122.46,38.37],[-122.45,38.38],[-122.5,38.42],[-122.48,38.45],[-122.53,38.47],[-122.54,38.52],[-122.62,38.56],[-122.64,38.6],[-122.63,38.67]]]}},{"type":"Feature","properties":{"fips":"08019"},"geometry":{"type":"Polygon","coordinates":[[[-105.93,39.7],[-105.88,39.74],[-105.89,39.8],[-105.82,39.79],[-105.8,39.8],[-105.74,39.8],[-105.69,39.85],[-105.63,39.84],[-105.5,39.76],[-105.4,39.75],[-105.4,39.57],[-105.59,39.57],[-105.83,39.56],[-105.77,39.61],[-105.79,39.64],[-105.85,39.64],[-105.93,39.67],[-105.93,39.7]]]}},{"type":"Feature","properties":{"fips":"08061"},"geometry":{"type":"Polygon","coordinates":[[[-103.5,38.52],[-103.5,38.52],[-103.17,38.53],[-103.17,38.61],[-103.06,38.61],[-102.05,38.62],[-102.05,38.27],[-102.74,38.27],[-103.4,38.27],[-103.5,38.27],[-103.51,38.34],[-103.5,38.52]]]}},{"type":"Feature","properties":{"fips":"32023"},"geometry":{"type":"Polygon","coordinates":[[[-117.86,39.07],[-117.77,39.09],[-117.33,39.16],[-116.6,39.16],[-115.91,39.16],[-115,38.68],[-115,38.05],[-115.89,38.05],[-115.89,36.86],[-115.9,36.84],[-115.9,36.17],[-115.85,36.17],[-115.85,35.96],[-116.25,36.28],[-117.17,36.97],[-117.16,37.37],[-117.16,38],[-117.69,38.47],[-118.2,38.92],[-118.2,39],[-117.86,39.07]]]}},{"type":"Feature","properties":{"fips":"06001"},"geometry":{"type":"Polygon","coordinates":[[[-122.31,37.9],[-122.27,37.91],[-122.22,37.88],[-122.18,37.82],[-122.14,37.8],[-122.05,37.8],[-122,37.76],[-122.01,37.75],[-121.96,37.72],[-121.56,37.82],[-121.56,37.54],[-121.5,37.53],[-121.47,37.48],[-121.47,37.48],[-121.87,37.48],[-121.93,37.45],[-121.95,37.47],[-122.05,37.46],[-122.07,37.49],[-122.11,37.51],[-122.15,37.58],[-122.17,37.68],[-122.25,37.72],[-122.25,37.76],[-122.33,37.78],[-122.33,37.79],[-122.3,37.85],[-122.31,37.9]]]}},{"type":"Feature","properties":{"fips":"49033"},"geometry":{"type":"Polygon","coordinates":[[[-111.51,42],[-111.05,42],[-111.04,41.58],[-111.05,41.25],[-111.1,41.21],[-111.23,41.14],[-111.27,41.14],[-111.24,41.16],[-111.22,41.22],[-111.28,41.23],[-111.26,41.3],[-111.33,41.36],[-111.39,41.37],[-111.42,41.36],[-111.48,41.38],[-111.51,41.42],[-111.48,41.5],[-111.43,41.55],[-111.43,41.62],[-111.4,41.66],[-111.42,41.68],[-111.42,41.71],[-111.44,41.74],[-111.46,41.82],[-111.51,41.85],[-111.5,41.91],[-111.47,41.93],[-111.51,42]]]}},{"type":"Feature","properties":{"fips":"35007"},"geometry":{"type":"Polygon","coordinates":[[[-105.22,37],[-105.15,37],[-105,36.99],[-104.34,36.99],[-104.01,37],[-104.01,36.22],[-104.44,36.22],[-104.87,36.22],[-104.87,36.26],[-105.34,36.26],[-105.33,36.41],[-105.36,36.45],[-105.32,36.49],[-105.38,36.55],[-105.35,36.56],[-105.38,36.61],[-105.35,36.64],[-105.37,36.68],[-105.33,36.7],[-105.31,36.72],[-105.23,36.72],[-105.24,36.79],[-105.23,36.85],[-105.2,36.92],[-105.24,36.96],[-105.22,37]]]}},{"type":"Feature","properties":{"fips":"56017"},"geometry":{"type":"Polygon","coordinates":[[[-109.31,43.81],[-109.1,43.82],[-109.09,43.9],[-108.91,43.9],[-108.92,43.99],[-108.79,43.99],[-108.79,44.08],[-108.55,44.08],[-108.49,44.08],[-108.49,43.99],[-108.43,43.99],[-108.43,43.9],[-108.31,43.9],[-108.31,43.85],[-108.19,43.85],[-108.18,43.82],[-107.96,43.82],[-107.96,43.73],[-107.72,43.73],[-107.72,43.65],[-107.59,43.65],[-107.59,43.5],[-107.59,43.47],[-108.15,43.47],[-108.15,43.46],[-108.34,43.46],[-108.34,43.47],[-108.46,43.47],[-108.46,43.5],[-108.57,43.5],[-108.57,43.53],[-108.7,43.53],[-108.69,43.58],[-108.82,43.58],[-108.82,43.6],[-108.93,43.6],[-108.93,43.62],[-109.17,43.62],[-109.17,43.7],[-109.24,43.76],[-109.31,43.81]]]}},{"type":"Feature","properties":{"fips":"08093"},"geometry":{"type":"Polygon","coordinates":[[[-106.13,39.38],[-106.05,39.36],[-106.02,39.36],[-105.99,39.4],[-105.95,39.41],[-105.97,39.44],[-105.91,39.46],[-105.85,39.5],[-105.87,39.52],[-105.82,39.54],[-105.83,39.56],[-105.59,39.57],[-105.4,39.57],[-105.4,39.13],[-105.33,39.13],[-105.33,38.7],[-105.97,38.69],[-105.94,38.76],[-105.91,38.81],[-105.94,38.85],[-105.93,38.87],[-105.98,38.88],[-105.97,38.91],[-106.03,38.94],[-106.11,38.94],[-106.11,38.99],[-106.17,38.99],[-106.19,39.06],[-106.17,39.09],[-106.21,39.1],[-106.17,39.14],[-106.18,39.21],[-106.18,39.31],[-106.15,39.32],[-106.13,39.38]]]}},{"type":"Feature","properties":{"fips":"08065"},"geometry":{"type":"Polygon","coordinates":[[[-106.43,39.36],[-106.4,39.38],[-106.35,39.35],[-106.28,39.35],[-106.21,39.38],[-106.13,39.38],[-106.15,39.32],[-106.18,39.31],[-106.18,39.21],[-106.17,39.14],[-106.21,39.1],[-106.17,39.09],[-106.19,39.06],[-106.58,39.06],[-106.59,39.09],[-106.56,39.12],[-106.56,39.16],[-106.51,39.17],[-106.48,39.27],[-106.49,39.31],[-106.43,39.32],[-106.43,39.36]]]}},{"type":"Feature","properties":{"fips":"06113"},"geometry":{"type":"Polygon","coordinates":[[[-122.34,38.92],[-121.84,38.92],[-121.8,38.92],[-121.82,38.88],[-121.78,38.86],[-121.75,38.87],[-121.72,38.85],[-121.72,38.8],[-121.69,38.76],[-121.59,38.76],[-121.6,38.74],[-121.63,38.69],[-121.59,38.64],[-121.56,38.64],[-121.55,38.6],[-121.51,38.6],[-121.52,38.52],[-121.55,38.51],[-121.54,38.48],[-121.51,38.47],[-121.5,38.44],[-121.53,38.43],[-121.52,38.36],[-121.58,38.33],[-121.59,38.31],[-121.69,38.31],[-121.69,38.53],[-121.74,38.54],[-121.79,38.52],[-121.86,38.54],[-121.94,38.53],[-122.01,38.49],[-122.06,38.52],[-122.1,38.51],[-122.13,38.58],[-122.17,38.66],[-122.22,38.7],[-122.29,38.84],[-122.35,38.84],[-122.39,38.86],[-122.42,38.9],[-122.4,38.93],[-122.34,38.92]]]}},{"type":"Feature","properties":{"fips":"08073"},"geometry":{"type":"Polygon","coordinates":[[[-104.06,38.87],[-103.72,38.87],[-103.72,39.13],[-103.71,39.57],[-103.71,39.57],[-103.15,39.57],[-103.15,39.13],[-103.16,39.04],[-103.17,38.69],[-103.17,38.61],[-103.17,38.53],[-103.5,38.52],[-103.5,38.52],[-103.61,38.52],[-104.05,38.52],[-104.06,38.87]]]}},{"type":"Feature","properties":{"fips":"35019"},"geometry":{"type":"Polygon","coordinates":[[[-105.29,35.04],[-105.29,35.22],[-104.89,35.22],[-104.12,35.22],[-104.12,35.14],[-104.13,34.78],[-104.34,34.78],[-104.34,34.69],[-104.44,34.69],[-104.44,34.6],[-104.89,34.6],[-104.89,34.35],[-105.31,34.35],[-105.31,34.61],[-105.29,34.61],[-105.29,35.04]]]}},{"type":"Feature","properties":{"fips":"08001"},"geometry":{"type":"Polygon","coordinates":[[[-105.05,39.91],[-105.01,39.92],[-105.01,39.98],[-104.99,39.97],[-104.96,40],[-104.49,40],[-104.15,40],[-103.7,40],[-103.71,39.74],[-104.47,39.74],[-104.88,39.74],[-104.83,39.77],[-104.73,39.77],[-104.76,39.82],[-104.62,39.82],[-104.62,39.87],[-104.6,39.9],[-104.68,39.91],[-104.73,39.9],[-104.73,39.84],[-104.79,39.84],[-104.79,39.8],[-104.88,39.8],[-104.91,39.78],[-105.05,39.79],[-105.05,39.91]]]}},{"type":"Feature","properties":{"fips":"06033"},"geometry":{"type":"Polygon","coordinates":[[[-122.89,39.58],[-122.73,39.58],[-122.73,39.45],[-122.74,39.38],[-122.77,39.31],[-122.76,39.28],[-122.68,39.24],[-122.57,39.2],[-122.52,39.21],[-122.48,39.17],[-122.5,39.12],[-122.49,39.05],[-122.41,39.02],[-122.41,38.96],[-122.34,38.92],[-122.4,38.93],[-122.42,38.9],[-122.39,38.86],[-122.37,38.82],[-122.4,38.8],[-122.47,38.7],[-122.63,38.67],[-122.65,38.71],[-122.69,38.71],[-122.75,38.8],[-122.82,38.85],[-122.9,38.88],[-122.89,38.9],[-122.95,38.9],[-122.97,38.93],[-122.99,39],[-123.03,39],[-123.06,39.02],[-123.06,39.06],[-123.09,39.07],[-123.08,39.17],[-123.05,39.17],[-123,39.24],[-123.02,39.28],[-123.02,39.32],[-123.04,39.34],[-123.08,39.41],[-123.06,39.5],[-123.03,39.52],[-122.94,39.52],[-122.89,39.53],[-122.89,39.58]]]}},{"type":"Feature","properties":{"fips":"32019"},"geometry":{"type":"Polygon","coordinates":[[[-119.71,39.25],[-119.65,39.27],[-119.48,39.34],[-119.29,39.62],[-119.26,39.65],[-119.19,39.65],[-119.16,39.65],[-119.08,39.72],[-119.08,39.64],[-119.09,39.64],[-119.09,39.52],[-119.12,39.52],[-119.12,39.39],[-119.1,39.39],[-119.03,39.32],[-118.97,39.29],[-118.93,39.24],[-118.89,39.23],[-118.83,39.16],[-118.79,39.14],[-118.79,39.11],[-118.75,39.11],[-118.75,39.07],[-118.93,39.07],[-119.02,38.94],[-119.02,38.85],[-118.9,38.85],[-118.91,38.76],[-118.91,38.41],[-119.16,38.41],[-119.33,38.53],[-119.33,38.65],[-119.35,38.65],[-119.35,38.73],[-119.41,38.73],[-119.4,38.81],[-119.42,38.82],[-119.42,38.95],[-119.4,38.98],[-119.31,38.99],[-119.31,39.08],[-119.55,39.09],[-119.57,39.14],[-119.56,39.19],[-119.65,39.2],[-119.68,39.21],[-119.71,39.25]]]}},{"type":"Feature","properties":{"fips":"08037"},"geometry":{"type":"Polygon","coordinates":[[[-107.03,39.92],[-106.65,39.92],[-106.63,39.92],[-106.44,39.92],[-106.42,39.84],[-106.39,39.77],[-106.34,39.76],[-106.29,39.7],[-106.26,39.7],[-106.23,39.66],[-106.19,39.65],[-106.18,39.61],[-106.21,39.58],[-106.21,39.53],[-106.26,39.53],[-106.25,39.47],[-106.21,39.4],[-106.21,39.38],[-106.28,39.35],[-106.35,39.35],[-106.4,39.38],[-106.43,39.36],[-107.11,39.37],[-107.11,39.92],[-107.03,39.92]]]}},{"type":"Feature","properties":{"fips":"49051"},"geometry":{"type":"Polygon","coordinates":[[[-111.59,40.58],[-111.55,40.61],[-111.49,40.6],[-111.47,40.64],[-111.4,40.69],[-111.37,40.63],[-111.33,40.62],[-111.27,40.59],[-111.15,40.55],[-111.12,40.59],[-111.08,40.59],[-111.03,40.58],[-110.98,40.59],[-110.93,40.68],[-110.9,40.68],[-110.9,40.43],[-110.9,40.43],[-110.9,40.08],[-110.89,39.9],[-111.08,39.9],[-111.08,39.94],[-111.13,39.95],[-111.12,39.97],[-111.17,39.99],[-111.21,40.05],[-111.25,40.06],[-111.22,40.12],[-111.23,40.17],[-111.27,40.22],[-111.26,40.24],[-111.31,40.29],[-111.37,40.3],[-111.44,40.29],[-111.44,40.32],[-111.48,40.36],[-111.55,40.37],[-111.62,40.45],[-111.58,40.49],[-111.57,40.55],[-111.59,40.58]]]}},{"type":"Feature","properties":{"fips":"08075"},"geometry":{"type":"Polygon","coordinates":[[[-103.57,41],[-103.38,41],[-102.65,41],[-102.65,40.75],[-102.66,40.71],[-102.66,40.44],[-102.78,40.44],[-103.39,40.44],[-103.47,40.44],[-103.47,40.52],[-103.58,40.52],[-103.58,40.7],[-103.57,40.7],[-103.57,41]]]}},{"type":"Feature","properties":{"fips":"08115"},"geometry":{"type":"Polygon","coordinates":[[[-102.65,41],[-102.62,41],[-102.05,41],[-102.05,40.75],[-102.65,40.75],[-102.65,41]]]}},{"type":"Feature","properties":{"fips":"06037"},"geometry":{"type":"MultiPolygon","coordinates":[[[[-118.6,33.48],[-118.55,33.47],[-118.45,33.43],[-118.37,33.41],[-118.37,33.39],[-118.31,33.34],[-118.33,33.3],[-118.37,33.32],[-118.47,33.33],[-118.49,33.36],[-118.49,33.42],[-118.56,33.43],[-118.6,33.48]]],[[[-118.61,33.03],[-118.57,33.03],[-118.5,32.93],[-118.35,32.82],[-118.39,32.83],[-118.43,32.81],[-118.49,32.84],[-118.53,32.91],[-118.59,33.01],[-118.61,33.03]]],[[[-118.88,34.79],[-118.85,34.82],[-118.33,34.82],[-117.67,34.82],[-117.67,34.56],[-117.65,34.34],[-117.64,34.29],[-117.68,34.17],[-117.73,34.02],[-117.77,34.02],[-117.8,33.98],[-117.78,33.95],[-117.98,33.95],[-117.98,33.91],[-118.03,33.87],[-118.09,33.8],[-118.09,33.76],[-118.11,33.74],[-118.18,33.76],[-118.18,33.72],[-118.26,33.7],[-118.32,33.72],[-118.36,33.74],[-118.41,33.74],[-118.43,33.77],[-118.39,33.8],[-118.39,33.84],[-118.44,33.94],[-118.48,34],[-118.54,34.04],[-118.67,34.04],[-118.75,34.03],[-118.8,34],[-118.85,34.03],[-118.94,34.05],[-118.94,34.08],[-118.79,34.17],[-118.67,34.17],[-118.67,34.24],[-118.63,34.24],[-118.65,34.32],[-118.88,34.79]]]]}},{"type":"Feature","properties":{"fips":"35041"},"geometry":{"type":"Polygon","coordinates":[[[-103.95,34.61],[-103.74,34.6],[-103.74,34.3],[-103.04,34.3],[-103.04,33.95],[-103.05,33.82],[-103.05,33.57],[-103.51,33.57],[-103.51,33.66],[-103.72,33.66],[-103.72,33.82],[-103.84,33.82],[-103.84,34.08],[-103.94,34.08],[-103.95,34.26],[-103.95,34.61]]]}},{"type":"Feature","properties":{"fips":"08015"},"geometry":{"type":"Polygon","coordinates":[[[-106.6,39],[-106.58,39.06],[-106.19,39.06],[-106.17,38.99],[-106.11,38.99],[-106.11,38.94],[-106.03,38.94],[-105.97,38.91],[-105.98,38.88],[-105.93,38.87],[-105.94,38.85],[-105.91,38.81],[-105.94,38.76],[-105.97,38.69],[-105.93,38.68],[-105.91,38.63],[-105.88,38.6],[-105.9,38.55],[-105.91,38.51],[-105.94,38.5],[-106.01,38.45],[-106.06,38.46],[-106.08,38.42],[-106.25,38.42],[-106.33,38.49],[-106.35,38.56],[-106.37,38.62],[-106.43,38.66],[-106.45,38.7],[-106.42,38.72],[-106.42,38.81],[-106.35,38.86],[-106.32,38.9],[-106.42,38.92],[-106.47,38.91],[-106.56,39],[-106.6,39]]]}},{"type":"Feature","properties":{"fips":"04001"},"geometry":{"type":"Polygon","coordinates":[[[-110,37],[-109.63,37],[-109.04,37],[-109.04,36],[-109.04,35.55],[-109.05,35.34],[-109.04,35.32],[-109.04,34.96],[-109.04,34.58],[-109.05,34],[-109.04,33.88],[-109.05,33.78],[-109.35,33.78],[-109.35,33.72],[-109.44,33.71],[-109.48,33.69],[-109.5,33.65],[-109.53,33.62],[-109.6,33.61],[-109.62,33.58],[-109.66,33.58],[-109.68,33.54],[-109.73,33.52],[-109.75,33.49],[-109.81,33.48],[-109.83,33.54],[-109.89,33.57],[-109.89,33.78],[-109.86,33.78],[-109.86,34.13],[-109.85,34.13],[-109.85,34.49],[-109.87,34.56],[-109.85,34.65],[-109.85,34.82],[-109.85,34.82],[-109.84,35.17],[-109.85,35.52],[-109.83,35.52],[-109.83,35.66],[-110,35.66],[-110,37]]]}},{"type":"Feature","properties":{"fips":"06021"},"geometry":{"type":"Polygon","coordinates":[[[-122.94,39.8],[-122.05,39.8],[-121.98,39.74],[-121.96,39.74],[-121.94,39.7],[-122,39.67],[-121.99,39.64],[-122,39.56],[-122,39.53],[-121.86,39.54],[-121.88,39.51],[-121.87,39.45],[-121.89,39.38],[-122.01,39.38],[-122.01,39.41],[-122.13,39.41],[-122.13,39.39],[-122.74,39.38],[-122.73,39.45],[-122.73,39.58],[-122.89,39.58],[-122.89,39.71],[-122.91,39.75],[-122.94,39.75],[-122.94,39.8]]]}},{"type":"Feature","properties":{"fips":"06087"},"geometry":{"type":"Polygon","coordinates":[[[-122.15,37.29],[-122.09,37.22],[-122.03,37.19],[-121.99,37.14],[-121.89,37.11],[-121.86,37.1],[-121.76,37.05],[-121.65,36.93],[-121.58,36.92],[-121.58,36.9],[-121.63,36.91],[-121.64,36.89],[-121.7,36.92],[-121.79,36.89],[-121.81,36.85],[-121.86,36.93],[-121.91,36.97],[-121.94,36.98],[-121.97,36.95],[-122.11,36.96],[-122.21,37.01],[-122.29,37.11],[-122.32,37.19],[-122.24,37.19],[-122.24,37.22],[-122.15,37.22],[-122.15,37.29]]]}},{"type":"Feature","properties":{"fips":"06023"},"geometry":{"type":"Polygon","coordinates":[[[-124.07,41.47],[-123.77,41.46],[-123.77,41.38],[-123.66,41.38],[-123.5,41.38],[-123.47,41.37],[-123.44,41.23],[-123.41,41.18],[-123.43,41.15],[-123.46,41.07],[-123.43,41.06],[-123.41,41.02],[-123.45,40.97],[-123.45,40.94],[-123.5,40.92],[-123.56,40.95],[-123.62,40.93],[-123.57,40.86],[-123.54,40.73],[-123.55,40.69],[-123.55,40],[-124.02,40],[-124.08,40.03],[-124.08,40.07],[-124.11,40.1],[-124.19,40.13],[-124.36,40.26],[-124.35,40.31],[-124.36,40.37],[-124.41,40.44],[-124.38,40.52],[-124.33,40.62],[-124.18,40.84],[-124.14,40.93],[-124.11,41.03],[-124.16,41.06],[-124.16,41.14],[-124.14,41.14],[-124.11,41.23],[-124.07,41.37],[-124.07,41.47]]]}},{"type":"Feature","properties":{"fips":"56021"},"geometry":{"type":"Polygon","coordinates":[[[-105.28,41.66],[-104.66,41.65],[-104.65,41.56],[-104.05,41.56],[-104.05,41.39],[-104.05,41],[-104.5,41],[-104.94,41],[-105.28,41],[-105.28,41.12],[-105.28,41.66]]]}},{"type":"Feature","properties":{"fips":"08043"},"geometry":{"type":"Polygon","coordinates":[[[-106.01,38.45],[-105.94,38.5],[-105.91,38.51],[-105.9,38.55],[-105.88,38.6],[-105.91,38.63],[-105.93,38.68],[-105.97,38.69],[-105.33,38.7],[-105.24,38.7],[-105.24,38.65],[-104.94,38.65],[-104.94,38.52],[-104.94,38.26],[-105.05,38.26],[-105.8,38.27],[-105.86,38.3],[-105.89,38.34],[-106.01,38.45]]]}},{"type":"Feature","properties":{"fips":"08077"},"geometry":{"type":"Polygon","coordinates":[[[-109.05,39.37],[-108.41,39.37],[-107.43,39.37],[-107.47,39.31],[-107.38,39.27],[-107.39,39.26],[-107.43,39.26],[-107.45,39.23],[-107.5,39.22],[-107.64,39.14],[-107.69,39.09],[-107.77,39.04],[-107.86,39.08],[-107.91,39.06],[-107.98,39.06],[-108.09,38.98],[-108.09,38.97],[-108.14,38.91],[-108.38,38.83],[-108.38,38.67],[-108.38,38.5],[-109.06,38.5],[-109.06,38.72],[-109.05,38.91],[-109.05,39.37]]]}},{"type":"Feature","properties":{"fips":"49035"},"geometry":{"type":"Polygon","coordinates":[[[-112.26,40.77],[-112.15,40.85],[-112.01,40.92],[-111.96,40.92],[-111.97,40.89],[-111.94,40.82],[-111.87,40.82],[-111.74,40.86],[-111.67,40.85],[-111.64,40.8],[-111.65,40.77],[-111.59,40.7],[-111.6,40.67],[-111.55,40.61],[-111.59,40.58],[-111.64,40.57],[-111.68,40.53],[-111.76,40.53],[-111.84,40.48],[-111.88,40.47],[-111.94,40.42],[-111.98,40.41],[-112.04,40.46],[-112.11,40.44],[-112.14,40.47],[-112.17,40.47],[-112.17,40.6],[-112.2,40.63],[-112.21,40.72],[-112.26,40.77]]]}},{"type":"Feature","properties":{"fips":"56007"},"geometry":{"type":"Polygon","coordinates":[[[-107.52,42.26],[-107.52,42.43],[-106.63,42.43],[-106.08,42.43],[-106.07,42.43],[-106.08,42.09],[-106.07,42.07],[-106.07,41.55],[-106.07,41.4],[-106.32,41.4],[-106.32,41],[-106.86,41],[-107.32,41],[-107.92,41],[-107.92,41.4],[-107.93,41.4],[-107.93,41.65],[-107.51,41.66],[-107.51,42.09],[-107.52,42.09],[-107.52,42.26]]]}},{"type":"Feature","properties":{"fips":"06049"},"geometry":{"type":"Polygon","coordinates":[[[-121.45,42],[-121.04,41.99],[-120.88,41.99],[-120.33,41.99],[-120,42],[-120,41.99],[-120,41.18],[-120.88,41.18],[-121.33,41.18],[-121.45,41.18],[-121.45,41.43],[-121.45,41.78],[-121.46,41.78],[-121.46,41.95],[-121.45,42]]]}},{"type":"Feature","properties":{"fips":"08011"},"geometry":{"type":"Polygon","coordinates":[[[-103.4,38.27],[-102.74,38.27],[-102.74,37.82],[-102.75,37.82],[-102.75,37.64],[-103.08,37.64],[-103.41,37.64],[-103.4,37.82],[-103.4,38.27]]]}},{"type":"Feature","properties":{"fips":"49057"},"geometry":{"type":"Polygon","coordinates":[[[-112.49,41.08],[-112.24,41.34],[-112.03,41.34],[-111.96,41.37],[-111.97,41.42],[-111.92,41.41],[-111.88,41.43],[-111.87,41.4],[-111.8,41.39],[-111.76,41.37],[-111.73,41.38],[-111.7,41.42],[-111.65,41.41],[-111.62,41.42],[-111.51,41.42],[-111.48,41.38],[-111.42,41.36],[-111.45,41.32],[-111.44,41.29],[-111.5,41.23],[-111.6,41.24],[-111.61,41.21],[-111.66,41.19],[-111.72,41.19],[-111.75,41.21],[-111.8,41.22],[-111.86,41.2],[-111.88,41.17],[-111.86,41.14],[-111.91,41.14],[-111.97,41.15],[-112.19,41.15],[-112.49,41.08]]]}},{"type":"Feature","properties":{"fips":"49025"},"geometry":{"type":"Polygon","coordinates":[[[-112.9,37.5],[-112.9,37.54],[-112.68,37.54],[-112.36,37.54],[-112.16,37.54],[-111.84,37.54],[-111.82,37.54],[-111.01,37.54],[-110.65,37.54],[-110.66,37.48],[-110.72,37.48],[-110.74,37.45],[-110.7,37.43],[-110.75,37.4],[-110.72,37.37],[-110.76,37.33],[-110.81,37.32],[-110.87,37.35],[-110.84,37.32],[-110.86,37.29],[-110.86,37.26],[-110.89,37.25],[-110.9,37.17],[-110.95,37.15],[-110.98,37.11],[-111.14,37.09],[-111.18,37.1],[-111.22,37.06],[-111.24,37.06],[-111.24,37.02],[-111.3,37.07],[-111.28,37.04],[-111.35,37],[-112.54,37],[-112.9,37],[-112.9,37.5]]]}},{"type":"Feature","properties":{"fips":"32001"},"geometry":{"type":"Polygon","coordinates":[[[-119.22,40],[-118.24,40],[-117.54,40],[-117.47,39.92],[-117.46,39.89],[-117.49,39.83],[-117.49,39.75],[-117.47,39.68],[-117.49,39.64],[-117.46,39.63],[-117.48,39.6],[-117.49,39.55],[-117.59,39.52],[-117.59,39.5],[-117.66,39.47],[-117.64,39.43],[-117.67,39.42],[-117.7,39.39],[-117.75,39.39],[-117.76,39.35],[-117.72,39.25],[-117.72,39.21],[-117.81,39.15],[-117.77,39.09],[-117.86,39.07],[-118.75,39.07],[-118.75,39.11],[-118.79,39.11],[-118.79,39.14],[-118.83,39.16],[-118.89,39.23],[-118.93,39.24],[-118.97,39.29],[-119.03,39.32],[-119.1,39.39],[-119.12,39.39],[-119.12,39.52],[-119.09,39.52],[-119.09,39.64],[-119.08,39.64],[-119.08,39.72],[-119.16,39.65],[-119.19,39.65],[-119.17,39.68],[-119.17,39.79],[-119.21,39.81],[-119.21,39.9],[-119.23,39.9],[-119.22,40]]]}},{"type":"Feature","properties":{"fips":"56005"},"geometry":{"type":"Polygon","coordinates":[[[-106.03,44.99],[-105.85,45],[-105.08,45],[-105.08,44.79],[-105.09,44.79],[-105.09,44.53],[-105.08,44.18],[-105.08,44.18],[-105.08,43.97],[-105.08,43.5],[-105.08,43.5],[-105.69,43.5],[-106.02,43.49],[-106.02,43.82],[-106.01,43.82],[-106.02,44.17],[-106.02,44.52],[-106.01,44.56],[-106.02,44.71],[-106.02,44.86],[-106.03,44.99]]]}},{"type":"Feature","properties":{"fips":"04025"},"geometry":{"type":"Polygon","coordinates":[[[-113.33,35.53],[-113.26,35.53],[-113.18,35.51],[-113.15,35.48],[-113.09,35.45],[-112.98,35.39],[-112.95,35.35],[-112.8,35.32],[-112.76,35.31],[-112.7,35.31],[-112.58,35.24],[-112.47,35.24],[-112.44,35.26],[-112.44,35.15],[-112.34,35.15],[-112.34,34.97],[-111.81,34.98],[-111.78,34.98],[-111.78,34.8],[-111.55,34.8],[-111.55,34.47],[-111.55,34.44],[-111.66,34.39],[-111.67,34.29],[-111.7,34.24],[-111.69,34.18],[-111.71,34.15],[-111.48,34.15],[-111.49,34.13],[-111.46,34.07],[-111.49,34.04],[-111.5,34],[-111.73,34],[-112.16,34.05],[-112.2,33.97],[-112.24,33.94],[-112.24,33.91],[-112.28,33.88],[-112.75,34],[-113.33,34],[-113.33,34.32],[-113.33,35.53]]]}}]}